,target
0,[0.14717]
1,[0.24617]
2,[0.180475]
3,[0.04505]
4,[0.339575]
5,[0.23576]
6,[0.069595]
7,[0.14043]
8,[0.08695]
9,[0.13163]
10,[0.094375]
11,[0.133555]
12,[0.177785]
13,[0.20636]
14,[0.187595]
15,[0.027265]
16,[0.16142]
17,[0.28046]
18,[0.08474]
19,[0.179715]
20,[0.080335]
21,[0.186725]
22,[0.13532]
23,[0.19101]
24,[0.03468]
25,[0.14401]
26,[0.35533]
27,[0.183335]
28,[0.22071]
29,[0.1156]
30,[0.24366]
31,[0.040625]
32,[0.13218]
33,[0.24371]
34,[0.18398]
35,[0.17727]
36,[0.065975]
37,[0.24209]
38,[0.06987]
39,[0.09826]
40,[0.183255]
41,[0.208965]
42,[0.20993]
43,[0.03401]
44,[0.07933]
45,[0.085085]
46,[0.31698]
47,[0.120105]
48,[0.116965]
49,[0.14203]
50,[0.25924]
51,[0.27184]
52,[0.10072]
53,[0.21257]
54,[0.15266]
55,[0.22991]
56,[0.1302]
57,[0.25596]
58,[0.186]
59,[0.04719]
60,[0.21231]
61,[0.077]
62,[0.140865]
63,[0.21736]
64,[0.11571]
65,[0.126785]
66,[0.0128]
67,[0.14816]
68,[0.05377]
69,[0.105555]
70,[0.20982]
71,[0.03836]
72,[0.123445]
73,[0.142055]
74,[0.10658]
75,[0.1642]
76,[0.20564]
77,[0.3218]
78,[0.17908]
79,[0.23835]
80,[0.10532]
81,[0.318645]
82,[0.17234]
83,[0.0834]
84,[0.14453]
85,[0.07767]
86,[0.09297]
87,[0.0215]
88,[0.14586]
89,[0.104045]
90,[0.10633]
91,[0.1084]
92,[0.14513]
93,[0.22189]
94,[0.140785]
95,[0.228295]
96,[0.05375]
97,[0.25121]
98,[0.02148]
99,[0.06649]
100,[0.19175]
101,[0.12134]
102,[0.20122]
103,[0.15881]
104,[0.13753]
105,[0.25627]
106,[0.29762]
107,[0.11863]
108,[0.1]
109,[0.053945]
110,[0.213215]
111,[0.15878]
112,[0.297215]
113,[0.18872]
114,[0.11614]
115,[0.147775]
116,[0.037185]
117,[0.164585]
118,[0.05191]
119,[0.113835]
120,[0.188425]
121,[0.14906]
122,[0.281225]
123,[0.073875]
124,[0.190875]
125,[0.17524]
126,[0.217875]
127,[0.17263]
128,[0.325155]
129,[0.14934]
130,[0.14341]
131,[0.13989]
132,[0.19601]
133,[0.11408]
134,[0.244355]
135,[0.31743]
136,[0.09254]
137,[0.224625]
138,[0.12378]
139,[0.66858]
140,[0.271045]
141,[0.2321]
142,[0.27644]
143,[0.20105]
144,[0.087685]
145,[0.32934]
146,[0.161]
147,[0.088635]
148,[0.19535]
149,[0.21314]
150,[0.159105]
151,[0.21028]
152,[0.09391]
153,[0.282165]
154,[0.29274]
155,[0.089785]
156,[0.24573]
157,[0.10761]
158,[0.1913]
159,[0.28001]
160,[0.167775]
161,[0.09433]
162,[0.20672]
163,[0.14739]
164,[0.33436]
165,[0.10128]
166,[0.231955]
167,[0.20348]
168,[0.037755]
169,[0.13176]
170,[0.250285]
171,[0.26065]
172,[0.033795]
173,[0.229945]
174,[0.14114]
175,[0.08103]
176,[0.34652]
177,[0.110375]
178,[0.056865]
179,[0.16072]
180,[0.124985]
181,[0.14623]
182,[0.22847]
183,[0.25283]
184,[0.05433]
185,[0.215005]
186,[0.081085]
187,[0.142535]
188,[0.229605]
189,[0.07786]
190,[0.09601]
191,[0.131855]
192,[0.22591]
193,[0.33312]
194,[0.11976]
195,[0.077255]
196,[0.163515]
197,[0.26438]
198,[0.195605]
199,[0.237735]
200,[0.134535]
201,[0.21898]
202,[0.2013]
203,[0.111105]
204,[0.11758]
205,[0.20301]
206,[0.20532]
207,[0.24966]
208,[0.338725]
209,[0.1402]
210,[0.054515]
211,[0.16511]
212,[0.10837]
213,[0.285645]
214,[0.26352]
215,[0.14666]
216,[0.09537]
217,[0.28293]
218,[0.13056]
219,[0.122235]
220,[0.189065]
221,[0.19389]
222,[0.13566]
223,[0.139985]
224,[0.14777]
225,[0.3154]
226,[0.222775]
227,[0.09337]
228,[0.057965]
229,[0.10627]
230,[0.281195]
231,[0.07849]
232,[0.14598]
233,[0.04257]
234,[0.27234]
235,[0.291635]
236,[0.24319]
237,[0.26859]
238,[0.0495]
239,[0.29687]
240,[0.07547]
241,[0.05871]
242,[0.035685]
243,[0.23936]
244,[0.104845]
245,[0.12819]
246,[0.101975]
247,[0.108065]
248,[0.16593]
249,[0.17193]
250,[0.0356]
251,[0.31743]
252,[0.27463]
253,[0.170955]
254,[0.09062]
255,[0.12273]
256,[0.25755]
257,[0.16528]
258,[0.31618]
259,[0.08663]
260,[0.075485]
261,[0.13568]
262,[0.106415]
263,[0.03158]
264,[0.23693]
265,[0.13304]
266,[0.20702]
267,[0.15742]
268,[0.09103]
269,[0.20773]
270,[0.22391]
271,[0.097285]
272,[0.2142]
273,[0.1952]
274,[0.04493]
275,[0.21031]
276,[0.17463]
277,[0.229025]
278,[0.134475]
279,[0.091855]
280,[0.10999]
281,[0.12101]
282,[0.25254]
283,[0.14355]
284,[0.06065]
285,[0.151605]
286,[0.116185]
287,[0.176735]
288,[0.03154]
289,[0.18799]
290,[0.13171]
291,[0.224775]
292,[0.221965]
293,[0.19875]
294,[0.18676]
295,[0.173245]
296,[0.01454]
297,[0.09401]
298,[0.19847]
299,[0.17401]
300,[0.14351]
301,[0.16327]
302,[0.22591]
303,[0.112555]
304,[0.354995]
305,[0.031975]
306,[0.151685]
307,[0.03724]
308,[0.180125]
309,[0.08633]
310,[0.044095]
311,[0.090795]
312,[0.17215]
313,[0.200155]
314,[0.336535]
315,[0.25313]
316,[0.031865]
317,[0.08951]
318,[0.069795]
319,[0.12447]
320,[0.12694]
321,[0.24362]
322,[0.199005]
323,[0.05744]
324,[0.253685]
325,[0.277995]
326,[0.235505]
327,[0.264685]
328,[0.13699]
329,[0.27049]
330,[0.03785]
331,[0.256955]
332,[0.1164]
333,[0.44604]
334,[0.187775]
335,[0.12702]
336,[0.18163]
337,[0.1102]
338,[0.04073]
339,[0.10257]
340,[0.15576]
341,[0.13218]
342,[0.25379]
343,[0.14968]
344,[0.02876]
345,[0.248935]
346,[0.146815]
347,[0.187875]
348,[0.166005]
349,[0.12404]
350,[0.132755]
351,[0.26033]
352,[0.06382]
353,[0.34361]
354,[0.27465]
355,[0.178925]
356,[0.225055]
357,[0.364205]
358,[0.02758]
359,[0.08084]
360,[0.073785]
361,[0.113835]
362,[0.18256]
363,[0.020965]
364,[0.057285]
365,[0.14538]
366,[0.170375]
367,[0.08017]
368,[0.14903]
369,[0.09383]
370,[0.049145]
371,[0.2862]
372,[0.15723]
373,[0.25727]
374,[0.154485]
375,[0.075665]
376,[0.22585]
377,[0.227075]
378,[0.170435]
379,[0.04867]
380,[0.15255]
381,[0.10837]
382,[0.21018]
383,[0.03695]
384,[0.13272]
385,[0.145725]
386,[0.141555]
387,[0.123265]
388,[0.06192]
389,[0.073335]
390,[0.10503]
391,[0.261265]
392,[0.08385]
393,[0.059655]
394,[0.212585]
395,[0.143195]
396,[0.17828]
397,[0.361305]
398,[0.2362]
399,[0.041465]
400,[0.19407]
401,[0.30152]
402,[0.233725]
403,[0.249115]
404,[0.095545]
405,[0.23531]
406,[0.073965]
407,[0.1]
408,[0.13274]
409,[0.216275]
410,[0.208115]
411,[0.09888]
412,[0.155635]
413,[0.19154]
414,[0.108685]
415,[0.11685]
416,[0.284475]
417,[0.04845]
418,[0.167535]
419,[0.10587]
420,[0.28459]
421,[0.12716]
422,[0.25023]
423,[0.162695]
424,[0.141295]
425,[0.231865]
426,[0.165995]
427,[0.235345]
428,[0.172265]
429,[0.153405]
430,[0.25168]
431,[0.135985]
432,[0.227785]
433,[0.06613]
434,[0.074645]
435,[0.13634]
436,[0.23692]
437,[0.09913]
438,[0.023765]
439,[0.24952]
440,[0.14498]
441,[0.281]
442,[0.08806]
443,[0.14354]
444,[0.19474]
445,[0.03199]
446,[0.12842]
447,[0.0665]
448,[0.1412]
449,[0.083615]
450,[0.037495]
451,[0.23722]
452,[0.229775]
453,[0.175095]
454,[0.086925]
455,[0.31676]
456,[0.22969]
457,[0.19123]
458,[0.06381]
459,[0.200455]
460,[0.137455]
461,[0.25328]
462,[0.214725]
463,[0.138105]
464,[0.15305]
465,[0.117525]
466,[0.04564]
467,[0.19827]
468,[0.04934]
469,[0.15562]
470,[0.2162]
471,[0.12196]
472,[0.104685]
473,[0.18472]
474,[0.109035]
475,[0.042025]
476,[0.015525]
477,[0.14039]
478,[0.08314]
479,[0.106835]
480,[0.14979]
481,[0.01864]
482,[0.28388]
483,[0.159875]
484,[0.105665]
485,[0.20355]
486,[0.080055]
487,[0.1322]
488,[0.16452]
489,[0.3792]
490,[0.24384]
491,[0.19276]
492,[0.273805]
493,[0.281225]
494,[0.11479]
495,[0.14594]
496,[0.08184]
497,[0.187035]
498,[0.248395]
499,[0.09974]
500,[0.03843]
501,[0.044065]
502,[0.262835]
503,[0.105165]
504,[0.12797]
505,[0.059825]
506,[0.111405]
507,[0.28312]
508,[0.179725]
509,[0.07387]
510,[0.06801]
511,[0.0784]
512,[0.12857]
513,[0.06298]
514,[0.054505]
515,[0.070175]
516,[0.12612]
517,[0.18458]
518,[0.205375]
519,[0.053485]
520,[0.13327]
521,[0.084905]
522,[0.08399]
523,[0.270985]
524,[0.20988]
525,[0.25651]
526,[0.251345]
527,[0.026645]
528,[0.224815]
529,[0.08717]
530,[0.17504]
531,[0.16158]
532,[0.24404]
533,[0.33789]
534,[0.17875]
535,[0.21257]
536,[0.21352]
537,[0.039655]
538,[0.100165]
539,[0.061215]
540,[0.172835]
541,[0.26105]
542,[0.10055]
543,[0.123385]
544,[0.20914]
545,[0.20175]
546,[0.14456]
547,[0.20847]
548,[0.90909]
549,[0.22999]
550,[0.27611]
551,[0.036745]
552,[0.21576]
553,[0.184075]
554,[0.21771]
555,[0.068095]
556,[0.13723]
557,[0.02459]
558,[0.06292]
559,[0.054275]
560,[0.20539]
561,[0.171145]
562,[0.375]
563,[0.26497]
564,[0.31687]
565,[0.23813]
566,[0.271655]
567,[0.169905]
568,[0.1247]
569,[0.223175]
570,[0.12566]
571,[0.067425]
572,[0.07115]
573,[0.07387]
574,[0.08314]
575,[0.15854]
576,[0.0891]
577,[0.19633]
578,[0.239335]
579,[0.05648]
580,[0.12526]
581,[0.267435]
582,[0.02966]
583,[0.30472]
584,[0.204965]
585,[0.276135]
586,[0.1442]
587,[0.04583]
588,[0.14816]
589,[0.07293]
590,[0.0507]
591,[0.06758]
592,[0.228085]
593,[0.232935]
594,[0.13563]
595,[0.20963]
596,[0.093685]
597,[0.236575]
598,[0.34272]
599,[0.14926]
600,[0.07921]
601,[0.29504]
602,[0.218375]
603,[0.02392]
604,[0.190335]
605,[0.11302]
606,[0.040435]
607,[0.26239]
608,[0.357705]
609,[0.1455]
610,[0.06451]
611,[0.128035]
612,[0.213525]
613,[0.267945]
614,[0.101295]
615,[0.14671]
616,[0.73889]
617,[0.26335]
618,[0.304955]
619,[0.183505]
620,[0.26142]
621,[0.051995]
622,[0.09774]
623,[0.035885]
624,[0.03018]
625,[0.277055]
626,[0.06833]
627,[0.07247]
628,[0.10575]
629,[0.10221]
630,[0.226255]
631,[0.15261]
632,[0.084815]
633,[0.15415]
634,[0.11138]
635,[0.1786]
636,[0.25292]
637,[0.102125]
638,[0.181805]
639,[0.065035]
640,[0.2199]
641,[0.134]
642,[0.27731]
643,[0.282955]
644,[0.17043]
645,[0.701295]
646,[0.096065]
647,[0.08942]
648,[0.17516]
649,[0.09554]
650,[0.134925]
651,[0.33829]
652,[0.111335]
653,[0.177715]
654,[0.017325]
655,[0.071545]
656,[0.22345]
657,[0.090115]
658,[0.021295]
659,[0.21568]
660,[0.15946]
661,[0.08919]
662,[0.141685]
663,[0.079605]
664,[0.16687]
665,[0.04133]
666,[0.20044]
667,[0.25639]
668,[0.24744]
669,[0.18938]
670,[0.08705]
671,[0.131225]
672,[0.26471]
673,[0.20721]
674,[0.81856]
675,[0.17565]
676,[0.23206]
677,[0.14864]
678,[0.06736]
679,[0.16079]
680,[0.217365]
681,[0.120165]
682,[0.14211]
683,[0.116445]
684,[0.068395]
685,[0.029435]
686,[0.036225]
687,[0.151705]
688,[0.042865]
689,[0.07492]
690,[0.32339]
691,[0.10651]
692,[0.14832]
693,[0.19527]
694,[0.16085]
695,[0.205645]
696,[0.03978]
697,[0.1185]
698,[0.068695]
699,[0.278395]
700,[0.21378]
701,[0.222275]
702,[0.100605]
703,[0.178595]
704,[0.15552]
705,[0.11171]
706,[0.12069]
707,[0.07827]
708,[0.098625]
709,[0.149045]
710,[0.146145]
711,[0.23303]
712,[0.141955]
713,[0.085045]
714,[0.06662]
715,[0.252045]
716,[0.014335]
717,[0.12256]
718,[0.18784]
719,[0.106665]
720,[0.0585]
721,[0.101095]
722,[0.05586]
723,[0.294025]
724,[0.13905]
725,[0.22694]
726,[0.022]
727,[0.04307]
728,[0.222725]
729,[0.21364]
730,[0.163035]
731,[0.02871]
732,[0.06744]
733,[0.297755]
734,[0.189495]
735,[0.193255]
736,[0.133255]
737,[0.2466]
738,[0.158415]
739,[0.072355]
740,[0.09264]
741,[0.075765]
742,[0.090715]
743,[0.291395]
744,[0.23484]
745,[0.209565]
746,[0.1159]
747,[0.132825]
748,[0.320205]
749,[0.20649]
750,[0.01767]
751,[0.12435]
752,[0.2451]
753,[0.105255]
754,[0.394435]
755,[0.05885]
756,[0.094615]
757,[0.0615]
758,[0.137455]
759,[0.062955]
760,[0.118415]
761,[0.230055]
762,[0.23531]
763,[0.169415]
764,[0.230535]
765,[0.137915]
766,[0.085485]
767,[0.1651]
768,[0.171105]
769,[0.30914]
770,[0.15953]
771,[0.17641]
772,[0.14507]
773,[0.294275]
774,[0.01999]
775,[0.10673]
776,[0.15764]
777,[0.25128]
778,[0.185165]
779,[0.296635]
780,[0.120575]
781,[0.08931]
782,[0.31422]
783,[0.109355]
784,[0.22894]
785,[0.043635]
786,[0.067775]
787,[0.069655]
788,[0.05792]
789,[0.15143]
790,[0.155585]
791,[0.1207]
792,[0.19011]
793,[0.1778]
794,[0.08961]
795,[0.243645]
796,[0.15123]
797,[0.281615]
798,[0.31423]
799,[0.0343]
800,[0.27818]
801,[0.19997]
802,[0.041615]
803,[0.128815]
804,[0.701295]
805,[0.203635]
806,[0.130935]
807,[0.19991]
808,[0.16319]
809,[0.128915]
810,[0.215845]
811,[0.07917]
812,[0.074635]
813,[0.23612]
814,[0.05704]
815,[0.03784]
816,[0.1283]
817,[0.17385]
818,[0.29488]
819,[0.1258]
820,[0.21169]
821,[0.1081]
822,[0.111925]
823,[0.090155]
824,[0.04481]
825,[0.308805]
826,[0.01937]
827,[0.21092]
828,[0.12518]
829,[0.060605]
830,[0.315155]
831,[0.1207]
832,[0.14144]
833,[0.261995]
834,[0.09584]
835,[0.064035]
836,[0.101955]
837,[0.06227]
838,[0.36954]
839,[0.09547]
840,[0.224945]
841,[0.05789]
842,[0.31068]
843,[0.124685]
844,[0.33441]
845,[0.195175]
846,[0.13068]
847,[0.11546]
848,[0.47903]
849,[0.03536]
850,[0.118925]
851,[0.0981]
852,[0.35853]
853,[0.115025]
854,[0.224745]
855,[0.09021]
856,[0.07902]
857,[0.19409]
858,[0.160165]
859,[0.170745]
860,[0.18198]
861,[0.10178]
862,[0.024645]
863,[0.048545]
864,[0.079115]
865,[0.12202]
866,[0.08059]
867,[0.0232]
868,[0.22049]
869,[0.12565]
870,[0.228465]
871,[0.040365]
872,[0.73889]
873,[0.129575]
874,[0.09406]
875,[0.045575]
876,[0.124965]
877,[0.071605]
878,[0.099015]
879,[0.27989]
880,[0.26583]
881,[0.33181]
882,[0.078545]
883,[0.23393]
884,[0.101365]
885,[0.139755]
886,[0.175195]
887,[0.13494]
888,[0.016375]
889,[0.140245]
890,[0.08133]
891,[0.160935]
892,[0.0437]
893,[0.13373]
894,[0.076225]
895,[0.1368]
896,[0.022]
897,[0.14546]
898,[0.30252]
899,[0.1679]
900,[0.647725]
901,[0.30079]
902,[0.05532]
903,[0.073875]
904,[0.041555]
905,[0.038515]
906,[0.07585]
907,[0.25818]
908,[0.189965]
909,[0.188875]
910,[0.07047]
911,[0.093425]
912,[0.01501]
913,[0.164715]
914,[0.075565]
915,[0.24845]
916,[0.113475]
917,[0.24307]
918,[0.06723]
919,[0.049155]
920,[0.300705]
921,[0.181485]
922,[0.223945]
923,[0.04585]
924,[0.0764]
925,[0.341135]
926,[0.192045]
927,[0.2673]
928,[0.33495]
929,[0.1326]
930,[0.20038]
931,[0.197915]
932,[0.04355]
933,[0.058555]
934,[0.186935]
935,[0.198965]
936,[0.11722]
937,[0.1042]
938,[0.05241]
939,[0.183155]
940,[0.061245]
941,[0.15946]
942,[0.172305]
943,[0.21516]
944,[0.128395]
945,[0.236505]
946,[0.093195]
947,[0.07646]
948,[0.08756]
949,[0.185495]
950,[0.06068]
951,[0.16152]
952,[0.05175]
953,[0.32416]
954,[0.14406]
955,[0.163365]
956,[0.23875]
957,[0.13249]
958,[0.151]
959,[0.073635]
960,[0.13594]
961,[0.146435]
962,[0.130145]
963,[0.17482]
964,[0.08307]
965,[0.30938]
966,[0.08021]
967,[0.035875]
968,[0.24081]
969,[0.040485]
970,[0.04568]
971,[0.1033]
972,[0.064585]
973,[0.258865]
974,[0.15288]
975,[0.03619]
976,[0.304]
977,[0.168175]
978,[0.28891]
979,[0.146275]
980,[0.02381]
981,[0.0525]
982,[0.17447]
983,[0.354995]
984,[0.2817]
985,[0.03288]
986,[0.07956]
987,[0.10726]
988,[0.23432]
989,[0.076665]
990,[0.224775]
991,[0.02054]
992,[0.16652]
993,[0.09699]
994,[0.0309]
995,[0.015985]
996,[0.06309]
997,[0.0791]
998,[0.039805]
999,[0.14838]
1000,[0.108925]
1001,[0.15473]
1002,[0.18281]
1003,[0.118935]
1004,[0.23565]
1005,[0.196865]
1006,[0.23875]
1007,[0.128165]
1008,[0.308525]
1009,[0.08463]
1010,[0.01387]
1011,[0.091425]
1012,[0.168865]
1013,[0.117465]
1014,[0.634925]
1015,[0.198735]
1016,[0.03803]
1017,[0.194755]
1018,[0.058625]
1019,[0.25968]
1020,[0.15718]
1021,[0.233905]
1022,[0.329615]
1023,[0.41434]
1024,[0.87121]
1025,[0.29768]
1026,[0.16396]
1027,[0.625]
1028,[0.225745]
1029,[0.32607]
1030,[0.03419]
1031,[0.050595]
1032,[0.11698]
1033,[0.135985]
1034,[0.181515]
1035,[0.136675]
1036,[0.171935]
1037,[0.13572]
1038,[0.044325]
1039,[0.18592]
1040,[0.170865]
1041,[0.23944]
1042,[0.13801]
1043,[0.271655]
1044,[0.135615]
1045,[0.107035]
1046,[0.06825]
1047,[0.160945]
1048,[0.24247]
1049,[0.311635]
1050,[0.117735]
1051,[0.179065]
1052,[0.19634]
1053,[0.149705]
1054,[0.151715]
1055,[0.15887]
1056,[0.13762]
1057,[0.17862]
1058,[0.14867]
1059,[0.85909]
1060,[0.14027]
1061,[0.100935]
1062,[0.08594]
1063,[0.185275]
1064,[0.170935]
1065,[0.142885]
1066,[0.15769]
1067,[0.22701]
1068,[0.17649]
1069,[0.1396]
1070,[0.183995]
1071,[0.17043]
1072,[0.12061]
1073,[0.18102]
1074,[0.15791]
1075,[0.14851]
1076,[0.12572]
1077,[0.17913]
1078,[0.13587]
1079,[0.04416]
1080,[0.054055]
1081,[0.10317]
1082,[0.15647]
1083,[0.15476]
1084,[0.16079]
1085,[0.16275]
1086,[0.177665]
1087,[0.208665]
1088,[0.19465]
1089,[0.030465]
1090,[0.190515]
1091,[0.197775]
1092,[0.17889]
1093,[0.20543]
1094,[0.043875]
1095,[0.258305]
1096,[0.04377]
1097,[0.089645]
1098,[0.13708]
1099,[0.08927]
1100,[0.05294]
1101,[0.026885]
1102,[0.269875]
1103,[0.26055]
1104,[0.11154]
1105,[0.212915]
1106,[0.03911]
1107,[0.27744]
1108,[0.130365]
1109,[0.135225]
1110,[0.221735]
1111,[0.18502]
1112,[0.067015]
1113,[0.08992]
1114,[0.197675]
1115,[0.07286]
1116,[0.158025]
1117,[0.093555]
1118,[0.18026]
1119,[0.01432]
1120,[0.08514]
1121,[0.21082]
1122,[0.09558]
1123,[0.1003]
1124,[0.09603]
1125,[0.09297]
1126,[0.123245]
1127,[0.228535]
1128,[0.212915]
1129,[0.23373]
1130,[0.073415]
1131,[0.14638]
1132,[0.18089]
1133,[0.037035]
1134,[0.199145]
1135,[0.094225]
1136,[0.12651]
1137,[0.05072]
1138,[0.21983]
1139,[0.212225]
1140,[0.108215]
1141,[0.06436]
1142,[0.0226]
1143,[0.02425]
1144,[0.043805]
1145,[0.01513]
1146,[0.054965]
1147,[0.231835]
1148,[0.11308]
1149,[0.04457]
1150,[0.26697]
1151,[0.051415]
1152,[0.226045]
1153,[0.116195]
1154,[0.180135]
1155,[0.09161]
1156,[0.11395]
1157,[0.07103]
1158,[0.15147]
1159,[0.19962]
1160,[0.273325]
1161,[0.04276]
1162,[0.06148]
1163,[0.27837]
1164,[0.178775]
1165,[0.228305]
1166,[0.082955]
1167,[0.11695]
1168,[0.13109]
1169,[0.069265]
1170,[0.20464]
1171,[0.165]
1172,[0.06476]
1173,[0.150525]
1174,[0.040475]
1175,[0.115785]
1176,[0.21405]
1177,[0.078135]
1178,[0.02671]
1179,[0.032175]
1180,[0.323865]
1181,[0.14706]
1182,[0.203955]
1183,[0.30499]
1184,[0.248775]
1185,[0.27481]
1186,[0.12342]
1187,[0.18405]
1188,[0.247225]
1189,[0.146555]
1190,[0.75]
1191,[0.25675]
1192,[0.02276]
1193,[0.113525]
1194,[0.206845]
1195,[0.088395]
1196,[0.763635]
1197,[0.19527]
1198,[0.22019]
1199,[0.11107]
1200,[0.12325]
1201,[0.064115]
1202,[0.19719]
1203,[0.23566]
1204,[0.3399]
1205,[0.06401]
1206,[0.16355]
1207,[0.042765]
1208,[0.21344]
1209,[0.053635]
1210,[0.12341]
1211,[0.07983]
1212,[0.23936]
1213,[0.07185]
1214,[0.164425]
1215,[0.30031]
1216,[0.11795]
1217,[0.067475]
1218,[0.277265]
1219,[0.255285]
1220,[0.195335]
1221,[0.11783]
1222,[0.104595]
1223,[0.041545]
1224,[0.14646]
1225,[0.015875]
1226,[0.1378]
1227,[0.88889]
1228,[0.32962]
1229,[0.06895]
1230,[0.04237]
1231,[0.10463]
1232,[0.085725]
1233,[0.075765]
1234,[0.05761]
1235,[0.268345]
1236,[0.25754]
1237,[0.09031]
1238,[0.298395]
1239,[0.048755]
1240,[0.015525]
1241,[0.138945]
1242,[0.14028]
1243,[0.14643]
1244,[0.22628]
1245,[0.20127]
1246,[0.08399]
1247,[0.28131]
1248,[0.150425]
1249,[0.255595]
1250,[0.01554]
1251,[0.11401]
1252,[0.093145]
1253,[0.060795]
1254,[0.27589]
1255,[0.060015]
1256,[0.09302]
1257,[0.19931]
1258,[0.33232]
1259,[0.02079]
1260,[0.021265]
1261,[0.22057]
1262,[0.04174]
1263,[0.122505]
1264,[0.111485]
1265,[0.08766]
1266,[0.248455]
1267,[0.13977]
1268,[0.05644]
1269,[0.16136]
1270,[0.04368]
1271,[0.24299]
1272,[0.13377]
1273,[0.15728]
1274,[0.137235]
1275,[0.190625]
1276,[0.125055]
1277,[0.113325]
1278,[0.022575]
1279,[0.138035]
1280,[0.099245]
1281,[0.234825]
1282,[0.16116]
1283,[0.25072]
1284,[0.14438]
1285,[0.10802]
1286,[0.209135]
1287,[0.29038]
1288,[0.1164]
1289,[0.07933]
1290,[0.327435]
1291,[0.202155]
1292,[0.018955]
1293,[0.12957]
1294,[0.142175]
1295,[0.228245]
1296,[0.10811]
1297,[0.100485]
1298,[0.16053]
1299,[0.15291]
1300,[0.18398]
1301,[0.22159]
1302,[0.191145]
1303,[0.12058]
1304,[0.10143]
1305,[0.031185]
1306,[0.14384]
1307,[0.34287]
1308,[0.12377]
1309,[0.08385]
1310,[0.1804]
1311,[0.3036]
1312,[0.1144]
1313,[0.029655]
1314,[0.04139]
1315,[0.265875]
1316,[0.02539]
1317,[0.04648]
1318,[0.18005]
1319,[0.15572]
1320,[0.31083]
1321,[0.13082]
1322,[0.149515]
1323,[0.10264]
1324,[0.100035]
1325,[0.04485]
1326,[0.105275]
1327,[0.129155]
1328,[0.06566]
1329,[0.129975]
1330,[0.13317]
1331,[0.09161]
1332,[0.11389]
1333,[0.128495]
1334,[0.04456]
1335,[0.152265]
1336,[0.10136]
1337,[0.19884]
1338,[0.08068]
1339,[0.183775]
1340,[0.32146]
1341,[0.215885]
1342,[0.13804]
1343,[0.29545]
1344,[0.29192]
1345,[0.021385]
1346,[0.03044]
1347,[0.25377]
1348,[0.09634]
1349,[0.16486]
1350,[0.26957]
1351,[0.05678]
1352,[0.28077]
1353,[0.13574]
1354,[0.259345]
1355,[0.134715]
1356,[0.06992]
1357,[0.108495]
1358,[0.05183]
1359,[0.128605]
1360,[0.13611]
1361,[0.07156]
1362,[0.212895]
1363,[0.33817]
1364,[0.10657]
1365,[0.061665]
1366,[0.073825]
1367,[0.096605]
1368,[0.10824]
1369,[0.058105]
1370,[0.154265]
1371,[0.272365]
1372,[0.125975]
1373,[0.13521]
1374,[0.04439]
1375,[0.12087]
1376,[0.028285]
1377,[0.024225]
1378,[0.1165]
1379,[0.13377]
1380,[0.047125]
1381,[0.036915]
1382,[0.209715]
1383,[0.022975]
1384,[0.085065]
1385,[0.14279]
1386,[0.270615]
1387,[0.071935]
1388,[0.09836]
1389,[0.234835]
1390,[0.16882]
1391,[0.25938]
1392,[0.15194]
1393,[0.16551]
1394,[0.066915]
1395,[0.24487]
1396,[0.22521]
1397,[0.365435]
1398,[0.150895]
1399,[0.460245]
1400,[0.14915]
1401,[0.0768]
1402,[0.051895]
1403,[0.20767]
1404,[0.03378]
1405,[0.06896]
1406,[0.09628]
1407,[0.34578]
1408,[0.114495]
1409,[0.270905]
1410,[0.09726]
1411,[0.244775]
1412,[0.07095]
1413,[0.0375]
1414,[0.0584]
1415,[0.14212]
1416,[0.396875]
1417,[0.16029]
1418,[0.30113]
1419,[0.08192]
1420,[0.32966]
1421,[0.240835]
1422,[0.068035]
1423,[0.14262]
1424,[0.08606]
1425,[0.164915]
1426,[0.058615]
1427,[0.228465]
1428,[0.087015]
1429,[0.06793]
1430,[0.05473]
1431,[0.20303]
1432,[0.16704]
1433,[0.08785]
1434,[0.10499]
1435,[0.062935]
1436,[0.321765]
1437,[0.16811]
1438,[0.083655]
1439,[0.262365]
1440,[0.0925]
1441,[0.12096]
1442,[0.256755]
1443,[0.120185]
1444,[0.029135]
1445,[0.179715]
1446,[0.14544]
1447,[0.761905]
1448,[0.14406]
1449,[0.24875]
1450,[0.07794]
1451,[0.18285]
1452,[0.106915]
1453,[0.223535]
1454,[0.08639]
1455,[0.174265]
1456,[0.17844]
1457,[0.289325]
1458,[0.18629]
1459,[0.160895]
1460,[0.25219]
1461,[0.16623]
1462,[0.25922]
1463,[0.20343]
1464,[0.30942]
1465,[0.138635]
1466,[0.175815]
1467,[0.131005]
1468,[0.050075]
1469,[0.06217]
1470,[0.06974]
1471,[0.14295]
1472,[0.18572]
1473,[0.23571]
1474,[0.572725]
1475,[0.07374]
1476,[0.161115]
1477,[0.170565]
1478,[0.39698]
1479,[0.07255]
1480,[0.17211]
1481,[0.150935]
1482,[0.146445]
1483,[0.15107]
1484,[0.09009]
1485,[0.203565]
1486,[0.08983]
1487,[0.016945]
1488,[0.15597]
1489,[0.17213]
1490,[0.242785]
1491,[0.17781]
1492,[0.311295]
1493,[0.030725]
1494,[0.111645]
1495,[0.13133]
1496,[0.025435]
1497,[0.175475]
1498,[0.3218]
1499,[0.12143]
1500,[0.227515]
1501,[0.35159]
1502,[0.0732]
1503,[0.279735]
1504,[0.04563]
1505,[0.026895]
1506,[0.21143]
1507,[0.070635]
1508,[0.1026]
1509,[0.2116]
1510,[0.16597]
1511,[0.130255]
1512,[0.15413]
1513,[0.108995]
1514,[0.155185]
1515,[0.15361]
1516,[0.31798]
1517,[0.07]
1518,[0.27359]
1519,[0.11149]
1520,[0.15657]
1521,[0.11541]
1522,[0.308635]
1523,[0.203]
1524,[0.09896]
1525,[0.13871]
1526,[0.057855]
1527,[0.230195]
1528,[0.0848]
1529,[0.1694]
1530,[0.21298]
1531,[0.0333]
1532,[0.04555]
1533,[0.1743]
1534,[0.159]
1535,[0.13054]
1536,[0.12301]
1537,[0.22494]
1538,[0.087675]
1539,[0.25448]
1540,[0.12631]
1541,[0.074715]
1542,[0.18926]
1543,[0.143025]
1544,[0.27975]
1545,[0.01582]
1546,[0.24758]
1547,[0.02251]
1548,[0.057015]
1549,[0.17251]
1550,[0.18291]
1551,[0.29142]
1552,[0.16321]
1553,[0.075885]
1554,[0.07399]
1555,[0.23665]
1556,[0.158885]
1557,[0.0369]
1558,[0.104215]
1559,[0.02306]
1560,[0.04665]
1561,[0.262215]
1562,[0.19749]
1563,[0.172745]
1564,[0.03714]
1565,[0.23439]
1566,[0.070965]
1567,[0.07091]
1568,[0.02514]
1569,[0.05322]
1570,[0.1734]
1571,[0.21144]
1572,[0.13483]
1573,[0.25786]
1574,[0.06506]
1575,[0.1087]
1576,[0.20452]
1577,[0.03809]
1578,[0.02696]
1579,[0.310045]
1580,[0.07517]
1581,[0.128645]
1582,[0.13945]
1583,[0.131145]
1584,[0.19098]
1585,[0.101805]
1586,[0.161785]
1587,[0.10502]
1588,[0.022425]
1589,[0.07734]
1590,[0.050665]
1591,[0.0995]
1592,[0.168875]
1593,[0.17348]
1594,[0.036425]
1595,[0.266965]
1596,[0.193245]
1597,[0.7875]
1598,[0.070275]
1599,[0.12707]
1600,[0.13911]
1601,[0.076605]
1602,[0.223365]
1603,[0.05434]
1604,[0.244455]
1605,[0.273775]
1606,[0.111585]
1607,[0.24265]
1608,[0.088325]
1609,[0.274835]
1610,[0.40109]
1611,[0.09297]
1612,[0.056805]
1613,[0.14955]
1614,[0.10162]
1615,[0.095065]
1616,[0.212515]
1617,[0.135535]
1618,[0.088295]
1619,[0.122535]
1620,[0.253075]
1621,[0.104285]
1622,[0.205835]
1623,[0.08752]
1624,[0.109725]
1625,[0.29238]
1626,[0.2333]
1627,[0.183995]
1628,[0.127585]
1629,[0.12867]
1630,[0.296055]
1631,[0.20984]
1632,[0.09205]
1633,[0.01804]
1634,[0.053595]
1635,[0.11094]
1636,[0.08988]
1637,[0.20366]
1638,[0.12616]
1639,[0.07453]
1640,[0.234085]
1641,[0.095335]
1642,[0.17966]
1643,[0.15488]
1644,[0.19778]
1645,[0.17628]
1646,[0.313095]
1647,[0.24874]
1648,[0.053795]
1649,[0.035135]
1650,[0.106455]
1651,[0.06736]
1652,[0.10227]
1653,[0.028825]
1654,[0.0393]
1655,[0.36969]
1656,[0.10406]
1657,[0.101285]
1658,[0.15914]
1659,[0.75568]
1660,[0.12957]
1661,[0.13381]
1662,[0.27197]
1663,[0.077605]
1664,[0.18865]
1665,[0.150635]
1666,[0.19788]
1667,[0.05192]
1668,[0.09725]
1669,[0.260645]
1670,[0.021835]
1671,[0.087705]
1672,[0.03789]
1673,[0.202395]
1674,[0.13398]
1675,[0.0709]
1676,[0.21357]
1677,[0.16981]
1678,[0.214355]
1679,[0.120655]
1680,[0.034875]
1681,[0.195645]
1682,[0.284355]
1683,[0.3346]
1684,[0.047705]
1685,[0.15033]
1686,[0.18508]
1687,[0.275185]
1688,[0.060405]
1689,[0.109595]
1690,[0.0608]
1691,[0.142485]
1692,[0.092085]
1693,[0.221095]
1694,[0.20236]
1695,[0.066545]
1696,[0.125115]
1697,[0.08369]
1698,[0.091735]
1699,[0.120715]
1700,[0.038175]
1701,[0.069405]
1702,[0.17504]
1703,[0.10675]
1704,[0.163245]
1705,[0.04661]
1706,[0.12852]
1707,[0.334515]
1708,[0.17908]
1709,[0.28975]
1710,[0.309485]
1711,[0.11668]
1712,[0.11753]
1713,[0.142695]
1714,[0.27044]
1715,[0.159325]
1716,[0.086425]
1717,[0.048235]
1718,[0.01442]
1719,[0.20847]
1720,[0.07479]
1721,[0.135215]
1722,[0.131485]
1723,[0.109155]
1724,[0.16257]
1725,[0.08353]
1726,[0.067]
1727,[0.04773]
1728,[0.184785]
1729,[0.076195]
1730,[0.23032]
1731,[0.176995]
1732,[0.345695]
1733,[0.086055]
1734,[0.13981]
1735,[0.13185]
1736,[0.01412]
1737,[0.029535]
1738,[0.25366]
1739,[0.125485]
1740,[0.234825]
1741,[0.130475]
1742,[0.02205]
1743,[0.20845]
1744,[0.339035]
1745,[0.12199]
1746,[0.285755]
1747,[0.079265]
1748,[0.19245]
1749,[0.043925]
1750,[0.045535]
1751,[0.101725]
1752,[0.041925]
1753,[0.23151]
1754,[0.028515]
1755,[0.15039]
1756,[0.165805]
1757,[0.09097]
1758,[0.02247]
1759,[0.117995]
1760,[0.301865]
1761,[0.017985]
1762,[0.25815]
1763,[0.27769]
1764,[0.0557]
1765,[0.12855]
1766,[0.09301]
1767,[0.186135]
1768,[0.057435]
1769,[0.088125]
1770,[0.03806]
1771,[0.164745]
1772,[0.121525]
1773,[0.203065]
1774,[0.14093]
1775,[0.11285]
1776,[0.105695]
1777,[0.23857]
1778,[0.085685]
1779,[0.12277]
1780,[0.25188]
1781,[0.22552]
1782,[0.17868]
1783,[0.290585]
1784,[0.152235]
1785,[0.17456]
1786,[0.0712]
1787,[0.144975]
1788,[0.10205]
1789,[0.16162]
1790,[0.14548]
1791,[0.337435]
1792,[0.33678]
1793,[0.28974]
1794,[0.15119]
1795,[0.09646]
1796,[0.144825]
1797,[0.11946]
1798,[0.026205]
1799,[0.12716]
1800,[0.27414]
1801,[0.156835]
1802,[0.07864]
1803,[0.05636]
1804,[0.178395]
1805,[0.09753]
1806,[0.32248]
1807,[0.12796]
1808,[0.413085]
1809,[0.06276]
1810,[0.124265]
1811,[0.092825]
1812,[0.296255]
1813,[0.142015]
1814,[0.053815]
1815,[0.08815]
1816,[0.054535]
1817,[0.192835]
1818,[0.178795]
1819,[0.275245]
1820,[0.354]
1821,[0.174055]
1822,[0.101665]
1823,[0.07121]
1824,[0.089205]
1825,[0.228345]
1826,[0.13231]
1827,[0.057025]
1828,[0.155295]
1829,[0.04726]
1830,[0.17551]
1831,[0.186865]
1832,[0.04238]
1833,[0.172685]
1834,[0.10585]
1835,[0.18768]
1836,[0.170745]
1837,[0.03209]
1838,[0.28103]
1839,[0.19461]
1840,[0.02967]
1841,[0.189345]
1842,[0.13284]
1843,[0.140475]
1844,[0.100375]
1845,[0.01785]
1846,[0.145725]
1847,[0.08473]
1848,[0.13796]
1849,[0.122855]
1850,[0.091675]
1851,[0.11156]
1852,[0.246075]
1853,[0.17252]
1854,[0.08564]
1855,[0.07585]
1856,[0.0232]
1857,[0.0785]
1858,[0.298605]
1859,[0.10163]
1860,[0.10942]
1861,[0.19288]
1862,[0.22936]
1863,[0.02617]
1864,[0.07753]
1865,[0.17697]
1866,[0.3833]
1867,[0.09545]
1868,[0.099205]
1869,[0.05323]
1870,[0.031825]
1871,[0.19916]
1872,[0.10469]
1873,[0.266045]
1874,[0.10972]
1875,[0.085615]
1876,[0.06166]
1877,[0.04643]
1878,[0.08295]
1879,[0.32483]
1880,[0.01445]
1881,[0.078865]
1882,[0.089635]
1883,[0.114405]
1884,[0.04686]
1885,[0.06949]
1886,[0.07048]
1887,[0.121965]
1888,[0.14722]
1889,[0.17309]
1890,[0.30152]
1891,[0.21028]
1892,[0.150525]
1893,[0.03222]
1894,[0.048565]
1895,[0.166895]
1896,[0.18883]
1897,[0.31134]
1898,[0.27948]
1899,[0.27486]
1900,[0.09584]
1901,[0.02925]
1902,[0.130005]
1903,[0.106705]
1904,[0.13402]
1905,[0.21914]
1906,[0.02585]
1907,[0.033655]
1908,[0.173045]
1909,[0.122495]
1910,[0.288665]
1911,[0.23649]
1912,[0.027265]
1913,[0.030865]
1914,[0.175315]
1915,[0.22192]
1916,[0.34365]
1917,[0.057005]
1918,[0.224205]
1919,[0.06208]
1920,[0.112395]
1921,[0.10724]
1922,[0.18219]
1923,[0.014]
1924,[0.37293]
1925,[0.128185]
1926,[0.234665]
1927,[0.26326]
1928,[0.26825]
1929,[0.13047]
1930,[0.122175]
1931,[0.119385]
1932,[0.1924]
1933,[0.154785]
1934,[0.13842]
1935,[0.1324]
1936,[0.06109]
1937,[0.105125]
1938,[0.06039]
1939,[0.062425]
1940,[0.29437]
1941,[0.176395]
1942,[0.24902]
1943,[0.27569]
1944,[0.07041]
1945,[0.09684]
1946,[0.22924]
1947,[0.212225]
1948,[0.22303]
1949,[0.171835]
1950,[0.05111]
1951,[0.29275]
1952,[0.11397]
1953,[0.22896]
1954,[0.08205]
1955,[0.154595]
1956,[0.08892]
1957,[0.05036]
1958,[0.17314]
1959,[0.186455]
1960,[0.04307]
1961,[0.210365]
1962,[0.078925]
1963,[0.28441]
1964,[0.16885]
1965,[0.120725]
1966,[0.151135]
1967,[0.01883]
1968,[0.22861]
1969,[0.18627]
1970,[0.242165]
1971,[0.03705]
1972,[0.10718]
1973,[0.17603]
1974,[0.199375]
1975,[0.188205]
1976,[0.17438]
1977,[0.03495]
1978,[0.04181]
1979,[0.0778]
1980,[0.052105]
1981,[0.09183]
1982,[0.20458]
1983,[0.143955]
1984,[0.294505]
1985,[0.09339]
1986,[0.24497]
1987,[0.14746]
1988,[0.087505]
1989,[0.121225]
1990,[0.054435]
1991,[0.036015]
1992,[0.019155]
1993,[0.12252]
1994,[0.102145]
1995,[0.107075]
1996,[0.094215]
1997,[0.04244]
1998,[0.17832]
1999,[0.14465]
2000,[0.04146]
2001,[0.0976]
2002,[0.038715]
2003,[0.13231]
2004,[0.26374]
2005,[0.28945]
2006,[0.142565]
2007,[0.14509]
2008,[0.17801]
2009,[0.19295]
2010,[0.143975]
2011,[0.19694]
2012,[0.22026]
2013,[0.18963]
2014,[0.069975]
2015,[0.064965]
2016,[0.210445]
2017,[0.124655]
2018,[0.110565]
2019,[0.150355]
2020,[0.11388]
2021,[0.111775]
2022,[0.12783]
2023,[0.19934]
2024,[0.2543]
2025,[0.2582]
2026,[0.20228]
2027,[0.08054]
2028,[0.034815]
2029,[0.10244]
2030,[0.248595]
2031,[0.29116]
2032,[0.082015]
2033,[0.182035]
2034,[0.13135]
2035,[0.099865]
2036,[0.11781]
2037,[0.20792]
2038,[0.13444]
2039,[0.11388]
2040,[0.3122]
2041,[0.20905]
2042,[0.111505]
2043,[0.199595]
2044,[0.20424]
2045,[0.054985]
2046,[0.12571]
2047,[0.42868]
2048,[0.06684]
2049,[0.175895]
2050,[0.1813]
2051,[0.224385]
2052,[0.193615]
2053,[0.06289]
2054,[0.25286]
2055,[0.13739]
2056,[0.16562]
2057,[0.22069]
2058,[0.11435]
2059,[0.02542]
2060,[0.33035]
2061,[0.19802]
2062,[0.240135]
2063,[0.17053]
2064,[0.1422]
2065,[0.073505]
2066,[0.124055]
2067,[0.087015]
2068,[0.124185]
2069,[0.20737]
2070,[0.12363]
2071,[0.31062]
2072,[0.07303]
2073,[0.22236]
2074,[0.118395]
2075,[0.12509]
2076,[0.219285]
2077,[0.24241]
2078,[0.079995]
2079,[0.16619]
2080,[0.140455]
2081,[0.078125]
2082,[0.2412]
2083,[0.28709]
2084,[0.08322]
2085,[0.17043]
2086,[0.2628]
2087,[0.06613]
2088,[0.114995]
2089,[0.29076]
2090,[0.15615]
2091,[0.259015]
2092,[0.09642]
2093,[0.09784]
2094,[0.134485]
2095,[0.197155]
2096,[0.16056]
2097,[0.087665]
2098,[0.127075]
2099,[0.0209]
2100,[0.033485]
2101,[0.03758]
2102,[0.065795]
2103,[0.02401]
2104,[0.10839]
2105,[0.03753]
2106,[0.16259]
2107,[0.19989]
2108,[0.118225]
2109,[0.01713]
2110,[0.23857]
2111,[0.261705]
2112,[0.06978]
2113,[0.250655]
2114,[0.064815]
2115,[0.161965]
2116,[0.04404]
2117,[0.110995]
2118,[0.07001]
2119,[0.23851]
2120,[0.06191]
2121,[0.14342]
2122,[0.20552]
2123,[0.020295]
2124,[0.16027]
2125,[0.0426]
2126,[0.05346]
2127,[0.213885]
2128,[0.19924]
2129,[0.11909]
2130,[0.024645]
2131,[0.030425]
2132,[0.06623]
2133,[0.072245]
2134,[0.19507]
2135,[0.26867]
2136,[0.229445]
2137,[0.15647]
2138,[0.193255]
2139,[0.11094]
2140,[0.19461]
2141,[0.19209]
2142,[0.25709]
2143,[0.12865]
2144,[0.05596]
2145,[0.326325]
2146,[0.2849]
2147,[0.065645]
2148,[0.061715]
2149,[0.153815]
2150,[0.249595]
2151,[0.19954]
2152,[0.20233]
2153,[0.08438]
2154,[0.26453]
2155,[0.07283]
2156,[0.16132]
2157,[0.09888]
2158,[0.150535]
2159,[0.13886]
2160,[0.12379]
2161,[0.23496]
2162,[0.175115]
2163,[0.7]
2164,[0.14193]
2165,[0.088465]
2166,[0.115315]
2167,[0.04623]
2168,[0.13485]
2169,[0.22807]
2170,[0.18518]
2171,[0.18784]
2172,[0.14837]
2173,[0.680555]
2174,[0.02289]
2175,[0.15009]
2176,[0.022055]
2177,[0.04916]
2178,[0.240435]
2179,[0.14043]
2180,[0.12694]
2181,[0.02514]
2182,[0.1778]
2183,[0.10059]
2184,[0.124075]
2185,[0.144525]
2186,[0.197605]
2187,[0.31779]
2188,[0.034845]
2189,[0.13381]
2190,[0.17841]
2191,[0.17792]
2192,[0.200785]
2193,[0.088325]
2194,[0.03329]
2195,[0.21845]
2196,[0.067465]
2197,[0.158]
2198,[0.19729]
2199,[0.13773]
2200,[0.20653]
2201,[0.130085]
2202,[0.142905]
2203,[0.27756]
2204,[0.08769]
2205,[0.017305]
2206,[0.297075]
2207,[0.20411]
2208,[0.25578]
2209,[0.428755]
2210,[0.137625]
2211,[0.11169]
2212,[0.10982]
2213,[0.068755]
2214,[0.06536]
2215,[0.113815]
2216,[0.032585]
2217,[0.131285]
2218,[0.13011]
2219,[0.034965]
2220,[0.076915]
2221,[0.20892]
2222,[0.275645]
2223,[0.169185]
2224,[0.035465]
2225,[0.09113]
2226,[0.12911]
2227,[0.200115]
2228,[0.18092]
2229,[0.073155]
2230,[0.083905]
2231,[0.16077]
2232,[0.265635]
2233,[0.139545]
2234,[0.098565]
2235,[0.212895]
2236,[0.302395]
2237,[0.07608]
2238,[0.101805]
2239,[0.151235]
2240,[0.161515]
2241,[0.04751]
2242,[0.24374]
2243,[0.064145]
2244,[0.08287]
2245,[0.340925]
2246,[0.21065]
2247,[0.22896]
2248,[0.38064]
2249,[0.152875]
2250,[0.062545]
2251,[0.16032]
2252,[0.24306]
2253,[0.2247]
2254,[0.11301]
2255,[0.045755]
2256,[0.17703]
2257,[0.225215]
2258,[0.083605]
2259,[0.099745]
2260,[0.04377]
2261,[0.05391]
2262,[0.271145]
2263,[0.15431]
2264,[0.09033]
2265,[0.06624]
2266,[0.050905]
2267,[0.0504]
2268,[0.0843]
2269,[0.111335]
2270,[0.0926]
2271,[0.10035]
2272,[0.095685]
2273,[0.21681]
2274,[0.044245]
2275,[0.18728]
2276,[0.040245]
2277,[0.077565]
2278,[0.15545]
2279,[0.27074]
2280,[0.18168]
2281,[0.20659]
2282,[0.11309]
2283,[0.09408]
2284,[0.19043]
2285,[0.123305]
2286,[0.070025]
2287,[0.18138]
2288,[0.20721]
2289,[0.090085]
2290,[0.10612]
2291,[0.07269]
2292,[0.07491]
2293,[0.09494]
2294,[0.161575]
2295,[0.1909]
2296,[0.01515]
2297,[0.3206]
2298,[0.09891]
2299,[0.02407]
2300,[0.186805]
2301,[0.27133]
2302,[0.15098]
2303,[0.02948]
2304,[0.139985]
2305,[0.187395]
2306,[0.088595]
2307,[0.34044]
2308,[0.054835]
2309,[0.03228]
2310,[0.28472]
2311,[0.249]
2312,[0.27073]
2313,[0.276705]
2314,[0.146095]
2315,[0.19927]
2316,[0.231445]
2317,[0.196275]
2318,[0.04688]
2319,[0.238855]
2320,[0.26964]
2321,[0.222765]
2322,[0.15882]
2323,[0.266775]
2324,[0.05802]
2325,[0.16398]
2326,[0.196445]
2327,[0.32794]
2328,[0.08289]
2329,[0.08273]
2330,[0.15845]
2331,[0.138265]
2332,[0.164455]
2333,[0.18373]
2334,[0.115755]
2335,[0.165915]
2336,[0.036605]
2337,[0.2044]
2338,[0.067735]
2339,[0.052165]
2340,[0.15391]
2341,[0.034275]
2342,[0.05846]
2343,[0.1634]
2344,[0.20515]
2345,[0.2173]
2346,[0.045195]
2347,[0.10958]
2348,[0.12502]
2349,[0.06411]
2350,[0.21014]
2351,[0.043595]
2352,[0.11233]
2353,[0.11697]
2354,[0.08961]
2355,[0.18399]
2356,[0.043285]
2357,[0.20415]
2358,[0.2603]
2359,[0.14192]
2360,[0.25967]
2361,[0.08647]
2362,[0.17497]
2363,[0.085595]
2364,[0.17689]
2365,[0.073875]
2366,[0.07411]
2367,[0.2628]
2368,[0.24534]
2369,[0.10393]
2370,[0.25699]
2371,[0.363725]
2372,[0.14347]
2373,[0.18851]
2374,[0.1971]
2375,[0.08586]
2376,[0.182975]
2377,[0.06518]
2378,[0.11155]
2379,[0.26231]
2380,[0.190435]
2381,[0.85909]
2382,[0.03059]
2383,[0.228745]
2384,[0.14185]
2385,[0.0182]
2386,[0.025905]
2387,[0.22585]
2388,[0.14884]
2389,[0.17852]
2390,[0.236015]
2391,[0.17434]
2392,[0.06631]
2393,[0.22542]
2394,[0.15145]
2395,[0.16822]
2396,[0.227475]
2397,[0.26901]
2398,[0.3398]
2399,[0.151335]
2400,[0.03516]
2401,[0.03926]
2402,[0.038285]
2403,[0.06915]
2404,[0.23744]
2405,[0.09865]
2406,[0.190855]
2407,[0.168335]
2408,[0.173435]
2409,[0.02823]
2410,[0.053125]
2411,[0.143765]
2412,[0.1987]
2413,[0.151895]
2414,[0.24961]
2415,[0.07432]
2416,[0.09088]
2417,[0.25699]
2418,[0.20574]
2419,[0.1567]
2420,[0.08934]
2421,[0.03464]
2422,[0.03988]
2423,[0.112435]
2424,[0.80357]
2425,[0.025445]
2426,[0.13941]
2427,[0.074075]
2428,[0.199435]
2429,[0.018365]
2430,[0.071905]
2431,[0.17322]
2432,[0.134725]
2433,[0.10725]
2434,[0.12355]
2435,[0.10825]
2436,[0.05628]
2437,[0.22548]
2438,[0.1864]
2439,[0.03994]
2440,[0.31059]
2441,[0.28322]
2442,[0.187955]
2443,[0.14586]
2444,[0.24795]
2445,[0.17185]
2446,[0.07871]
2447,[0.15368]
2448,[0.182475]
2449,[0.192365]
2450,[0.15776]
2451,[0.15529]
2452,[0.113665]
2453,[0.13746]
2454,[0.20926]
2455,[0.09355]
2456,[0.05881]
2457,[0.167345]
2458,[0.234415]
2459,[0.11405]
2460,[0.310185]
2461,[0.109265]
2462,[0.14028]
2463,[0.269895]
2464,[0.15101]
2465,[0.211335]
2466,[0.12948]
2467,[0.1732]
2468,[0.14898]
2469,[0.21314]
2470,[0.16165]
2471,[0.15848]
2472,[0.14946]
2473,[0.315905]
2474,[0.16881]
2475,[0.23668]
2476,[0.02554]
2477,[0.40209]
2478,[0.15432]
2479,[0.21581]
2480,[0.30953]
2481,[0.328165]
2482,[0.180635]
2483,[0.030195]
2484,[0.102265]
2485,[0.284605]
2486,[0.067045]
2487,[0.080775]
2488,[0.204525]
2489,[0.199515]
2490,[0.06748]
2491,[0.272515]
2492,[0.05022]
2493,[0.14292]
2494,[0.116375]
2495,[0.14075]
2496,[0.33369]
2497,[0.317085]
2498,[0.031735]
2499,[0.1332]
2500,[0.240245]
2501,[0.11715]
2502,[0.05613]
2503,[0.15646]
2504,[0.04951]
2505,[0.148325]
2506,[0.046215]
2507,[0.114395]
2508,[0.02328]
2509,[0.13872]
2510,[0.072535]
2511,[0.065055]
2512,[0.13226]
2513,[0.10562]
2514,[0.19086]
2515,[0.218815]
2516,[0.114765]
2517,[0.04185]
2518,[0.40065]
2519,[0.118655]
2520,[0.02322]
2521,[0.033775]
2522,[0.222835]
2523,[0.26673]
2524,[0.28266]
2525,[0.16556]
2526,[0.0395]
2527,[0.10219]
2528,[0.121545]
2529,[0.22349]
2530,[0.10904]
2531,[0.1212]
2532,[0.18927]
2533,[0.10725]
2534,[0.12205]
2535,[0.09495]
2536,[0.062645]
2537,[0.196475]
2538,[0.143765]
2539,[0.141645]
2540,[0.166025]
2541,[0.23396]
2542,[0.119605]
2543,[0.28402]
2544,[0.066875]
2545,[0.074905]
2546,[0.06514]
2547,[0.2102]
2548,[0.098245]
2549,[0.04162]
2550,[0.10786]
2551,[0.072205]
2552,[0.01469]
2553,[0.15602]
2554,[0.1478]
2555,[0.3043]
2556,[0.07415]
2557,[0.26772]
2558,[0.05229]
2559,[0.104335]
2560,[0.089315]
2561,[0.12886]
2562,[0.16241]
2563,[0.173855]
2564,[0.34]
2565,[0.120695]
2566,[0.224815]
2567,[0.195685]
2568,[0.22137]
2569,[0.087565]
2570,[0.20294]
2571,[0.28013]
2572,[0.05524]
2573,[0.34296]
2574,[0.11081]
2575,[0.07312]
2576,[0.018885]
2577,[0.169205]
2578,[0.232385]
2579,[0.11168]
2580,[0.13415]
2581,[0.20371]
2582,[0.13107]
2583,[0.157805]
2584,[0.06517]
2585,[0.075625]
2586,[0.147085]
2587,[0.09088]
2588,[0.149295]
2589,[0.20543]
2590,[0.13002]
2591,[0.12873]
2592,[0.04543]
2593,[0.03226]
2594,[0.23922]
2595,[0.197215]
2596,[0.10697]
2597,[0.171295]
2598,[0.131645]
2599,[0.035765]
2600,[0.265845]
2601,[0.0176]
2602,[0.19496]
2603,[0.017455]
2604,[0.10654]
2605,[0.04756]
2606,[0.018645]
2607,[0.137055]
2608,[0.90909]
2609,[0.19006]
2610,[0.129955]
2611,[0.10474]
2612,[0.12427]
2613,[0.17978]
2614,[0.118555]
2615,[0.09552]
2616,[0.21845]
2617,[0.091575]
2618,[0.21781]
2619,[0.117555]
2620,[0.31788]
2621,[0.23732]
2622,[0.11825]
2623,[0.21898]
2624,[0.05183]
2625,[0.135685]
2626,[0.08699]
2627,[0.31603]
2628,[0.138285]
2629,[0.196625]
2630,[0.165665]
2631,[0.23719]
2632,[0.26061]
2633,[0.16934]
2634,[0.23993]
2635,[0.075745]
2636,[0.1059]
2637,[0.253665]
2638,[0.080135]
2639,[0.27917]
2640,[0.07467]
2641,[0.11998]
2642,[0.04787]
2643,[0.028185]
2644,[0.240055]
2645,[0.182805]
2646,[0.14945]
2647,[0.12444]
2648,[0.08526]
2649,[0.141545]
2650,[0.25629]
2651,[0.02419]
2652,[0.09074]
2653,[0.215375]
2654,[0.156775]
2655,[0.051515]
2656,[0.2008]
2657,[0.11713]
2658,[0.14976]
2659,[0.071155]
2660,[0.25933]
2661,[0.077535]
2662,[0.24054]
2663,[0.11416]
2664,[0.12531]
2665,[0.187705]
2666,[0.223755]
2667,[0.255765]
2668,[0.164695]
2669,[0.034145]
2670,[0.12468]
2671,[0.2323]
2672,[0.0642]
2673,[0.07174]
2674,[0.08598]
2675,[0.03609]
2676,[0.21897]
2677,[0.1003]
2678,[0.311925]
2679,[0.51779]
2680,[0.19493]
2681,[0.17311]
2682,[0.127645]
2683,[0.096535]
2684,[0.15438]
2685,[0.25003]
2686,[0.02502]
2687,[0.204655]
2688,[0.045385]
2689,[0.09137]
2690,[0.09047]
2691,[0.146015]
2692,[0.23896]
2693,[0.070315]
2694,[0.037715]
2695,[0.211125]
2696,[0.1587]
2697,[0.16927]
2698,[0.03852]
2699,[0.016695]
2700,[0.19642]
2701,[0.04866]
2702,[0.22124]
2703,[0.20276]
2704,[0.20526]
2705,[0.10599]
2706,[0.2543]
2707,[0.08829]
2708,[0.15567]
2709,[0.15859]
2710,[0.12212]
2711,[0.27614]
2712,[0.11112]
2713,[0.08305]
2714,[0.0142]
2715,[0.0507]
2716,[0.11077]
2717,[0.141]
2718,[0.26841]
2719,[0.31605]
2720,[0.158665]
2721,[0.32958]
2722,[0.15473]
2723,[0.116815]
2724,[0.082315]
2725,[0.05024]
2726,[0.26794]
2727,[0.139095]
2728,[0.23958]
2729,[0.03202]
2730,[0.03241]
2731,[0.186445]
2732,[0.12629]
2733,[0.112]
2734,[0.094375]
2735,[0.169285]
2736,[0.187385]
2737,[0.16056]
2738,[0.09556]
2739,[0.186965]
2740,[0.38891]
2741,[0.023905]
2742,[0.108515]
2743,[0.27096]
2744,[0.10336]
2745,[0.242045]
2746,[0.126965]
2747,[0.28939]
2748,[0.238335]
2749,[0.157875]
2750,[0.1321]
2751,[0.0984]
2752,[0.14846]
2753,[0.07404]
2754,[0.079335]
2755,[0.115435]
2756,[0.11548]
2757,[0.27847]
2758,[0.32148]
2759,[0.21955]
2760,[0.095825]
2761,[0.02331]
2762,[0.130205]
2763,[0.17704]
2764,[0.19508]
2765,[0.26859]
2766,[0.05454]
2767,[0.174575]
2768,[0.050805]
2769,[0.099605]
2770,[0.080565]
2771,[0.147115]
2772,[0.196175]
2773,[0.05283]
2774,[0.20122]
2775,[0.11688]
2776,[0.02546]
2777,[0.16014]
2778,[0.226855]
2779,[0.104775]
2780,[0.232345]
2781,[0.109105]
2782,[0.22558]
2783,[0.04097]
2784,[0.03635]
2785,[0.069885]
2786,[0.16593]
2787,[0.162075]
2788,[0.13142]
2789,[0.054855]
2790,[0.054975]
2791,[0.035]
2792,[0.25541]
2793,[0.22129]
2794,[0.100005]
2795,[0.1251]
2796,[0.125135]
2797,[0.20249]
2798,[0.333615]
2799,[0.091765]
2800,[0.20557]
2801,[0.060405]
2802,[0.313935]
2803,[0.117825]
2804,[0.10677]
2805,[0.15736]
2806,[0.21985]
2807,[0.03801]
2808,[0.16862]
2809,[0.290045]
2810,[0.233005]
2811,[0.060525]
2812,[0.10066]
2813,[0.141855]
2814,[0.11427]
2815,[0.138215]
2816,[0.01691]
2817,[0.220115]
2818,[0.0844]
2819,[0.11158]
2820,[0.16396]
2821,[0.03189]
2822,[0.075815]
2823,[0.39001]
2824,[0.131525]
2825,[0.1098]
2826,[0.229985]
2827,[0.322955]
2828,[0.23035]
2829,[0.23431]
2830,[0.34532]
2831,[0.07743]
2832,[0.052485]
2833,[0.042245]
2834,[0.25281]
2835,[0.22494]
2836,[0.25883]
2837,[0.110665]
2838,[0.07616]
2839,[0.33316]
2840,[0.26975]
2841,[0.144195]
2842,[0.12471]
