,pred,true
0,2.787642002105713,8.408660888671875
1,4.727344512939453,6.0705389976501465
2,4.318633556365967,5.186452865600586
3,0.6862363815307617,7.7558465003967285
4,4.356712341308594,4.070832252502441
5,1.9218151569366455,4.834070205688477
6,5.453066349029541,4.0201005935668945
7,3.9119560718536377,7.237722396850586
8,2.5219979286193848,3.1394710540771484
9,1.7215806245803833,10.567473411560059
10,4.780154705047607,41.893592834472656
11,3.9277701377868652,9.859501838684082
12,4.23444938659668,5.590808868408203
13,1.436203956604004,7.8452911376953125
14,3.799832582473755,1.550567865371704
15,3.8979249000549316,4.7907633781433105
16,1.262299656867981,20.820322036743164
17,0.6914210319519043,4.883885383605957
18,7.110053539276123,14.571948051452637
19,2.7037956714630127,3.7080986499786377
20,2.1263375282287598,5.981576919555664
21,3.0796945095062256,4.09995698928833
22,4.364074230194092,2.9445106983184814
23,5.062511444091797,2.3566009998321533
24,2.1829936504364014,1.134803295135498
25,2.7357141971588135,3.2501301765441895
26,4.407063007354736,5.748447895050049
27,3.219888210296631,1.574803113937378
28,2.6076695919036865,4.241871356964111
29,6.358037948608398,2.9755704402923584
30,0.8050650954246521,22.62955665588379
31,0.48936527967453003,16.50301170349121
32,3.3705925941467285,7.875255584716797
33,3.5821495056152344,6.850018501281738
34,1.2544026374816895,5.221523284912109
35,5.019092559814453,6.817794322967529
36,2.7878527641296387,5.4964680671691895
37,1.2126580476760864,6.862475872039795
38,5.6914472579956055,18.407732009887695
39,5.568686008453369,5.104124069213867
40,1.2940129041671753,5.528985500335693
41,6.7447075843811035,4.0089802742004395
42,4.1251444816589355,6.756300449371338
43,3.258596420288086,3.550443172454834
44,5.072225093841553,6.867424011230469
45,4.068310260772705,8.544452667236328
46,0.904658317565918,12.779553413391113
47,4.613093376159668,5.849834442138672
48,1.5664793252944946,3.960866928100586
49,3.9895734786987305,3.109114646911621
50,4.149474143981934,7.828707695007324
51,5.476434707641602,5.289186000823975
52,2.396522283554077,4.846370220184326
53,3.0906569957733154,6.261544704437256
54,8.2965726852417,6.183718204498291
55,5.749481678009033,5.921714782714844
56,3.7339284420013428,6.774149417877197
57,2.694906711578369,5.30166482925415
58,5.622640132904053,6.3023881912231445
59,2.6735291481018066,1.150628924369812
60,2.077558755874634,6.654688358306885
61,1.2127209901809692,9.014287948608398
62,3.8628480434417725,10.42318058013916
63,2.592345714569092,5.120983123779297
64,2.364570140838623,5.526846408843994
65,5.4271345138549805,6.540863990783691
66,5.304915904998779,5.963384628295898
67,2.131568431854248,4.219231128692627
68,1.889672040939331,5.362217903137207
69,0.6398412585258484,6.684492111206055
70,6.142447471618652,5.1547722816467285
71,4.10817813873291,5.542315483093262
72,1.7747257947921753,7.656381130218506
73,2.221135377883911,5.235053539276123
74,6.348115921020508,5.955571174621582
75,4.031294345855713,6.308750152587891
76,2.046116352081299,7.368110656738281
77,2.4802258014678955,5.287368297576904
78,1.2208833694458008,6.855419158935547
79,5.681331634521484,18.46381187438965
80,2.7754318714141846,15.61158275604248
81,1.6005804538726807,8.836264610290527
82,2.820892810821533,6.0070881843566895
83,0.740319550037384,6.06943416595459
84,4.579122066497803,5.8551435470581055
85,2.0080058574676514,5.7887115478515625
86,2.1512362957000732,5.328644275665283
87,2.508884906768799,4.573205471038818
88,1.4432228803634644,4.886391639709473
89,4.265219688415527,24.712717056274414
90,1.7656409740447998,4.987157821655273
91,1.9953463077545166,4.8128981590271
92,1.6737594604492188,5.294086456298828
93,5.01530122756958,4.641879081726074
94,2.5084071159362793,18.561485290527344
95,3.325554132461548,3.7271015644073486
96,2.0245654582977295,18.597732543945312
97,0.5029899477958679,10.035626411437988
98,2.392291307449341,6.799020767211914
99,4.888607025146484,10.07353687286377
100,0.9473822712898254,15.888147354125977
101,2.4636874198913574,27.111291885375977
102,3.689330577850342,3.573024034500122
103,4.170032978057861,3.6961746215820312
104,2.060694694519043,8.227744102478027
105,1.450643539428711,4.4860148429870605
106,4.530999660491943,20.362449645996094
107,3.3899409770965576,3.478986978530884
108,1.6166576147079468,7.1242828369140625
109,5.893006324768066,6.885866641998291
110,1.7657251358032227,4.315273761749268
111,0.7331331968307495,5.127678871154785
112,2.385753631591797,12.98448371887207
113,1.1860129833221436,10.008007049560547
114,2.8800714015960693,4.815216064453125
115,5.04099178314209,12.068549156188965
116,1.3449779748916626,5.951495170593262
117,0.5674154758453369,9.65670394897461
118,4.482270240783691,5.255965232849121
119,3.642110586166382,41.11842346191406
120,4.19067907333374,10.51082706451416
121,3.9728899002075195,4.5285749435424805
122,3.042907238006592,9.471490859985352
123,2.962998628616333,9.066183090209961
124,3.877218008041382,9.431293487548828
125,5.393490791320801,9.711566925048828
126,1.397323489189148,7.504971504211426
127,5.668231010437012,4.192256927490234
128,5.874489784240723,4.4860148429870605
129,4.260313034057617,4.102900505065918
130,1.6182961463928223,11.988251686096191
131,2.463742256164551,6.394679069519043
132,7.651572227478027,5.238619327545166
133,2.826288938522339,21.26076316833496
134,1.3545863628387451,4.781371593475342
135,4.465991020202637,9.594627380371094
136,2.899186372756958,7.325470447540283
137,5.265954494476318,16.469039916992188
138,3.0755724906921387,4.351041793823242
139,8.309419631958008,4.499943733215332
140,3.233492612838745,8.459163665771484
141,1.2769829034805298,13.448090553283691
142,0.8893123865127563,30.674846649169922
143,2.6078402996063232,29.197080612182617
144,2.2663021087646484,18.58563232421875
145,3.3482837677001953,39.79307556152344
146,0.9510143995285034,15.392903327941895
147,4.332919120788574,4.1350507736206055
148,3.120894193649292,8.124796867370605
149,4.708078384399414,18.325088500976562
150,3.144214153289795,3.610499382019043
151,3.030117988586426,16.28266716003418
152,3.4589738845825195,4.236480236053467
153,5.261590957641602,7.924244403839111
154,5.896336555480957,5.259420871734619
155,3.9197306632995605,9.841550827026367
156,4.7421345710754395,8.067769050598145
157,8.62483024597168,12.341108322143555
158,4.042684078216553,6.193100452423096
159,2.850764274597168,4.770537376403809
160,2.521444082260132,3.5295157432556152
161,1.896157145500183,18.953754425048828
162,4.947493553161621,13.989927291870117
163,1.2071653604507446,3.4677672386169434
164,1.8537182807922363,5.297311305999756
165,3.9215688705444336,4.196302890777588
166,4.725764274597168,10.757893562316895
167,4.61875057220459,7.877117156982422
168,6.025031566619873,7.087674140930176
169,2.096360921859741,12.6159086227417
170,2.6932780742645264,4.658963680267334
171,2.112586498260498,5.714285373687744
172,4.163841247558594,13.376137733459473
173,6.375381946563721,6.229558944702148
174,5.958998680114746,19.811786651611328
175,3.0272269248962402,7.9500732421875
176,3.4197239875793457,4.463289260864258
177,4.489714622497559,11.346230506896973
178,3.634148120880127,27.24053192138672
179,4.850883960723877,23.71072769165039
180,6.8467864990234375,2.995222806930542
181,4.15732479095459,6.366992950439453
182,5.952686786651611,4.673880100250244
183,2.877674102783203,3.174704074859619
184,5.386800765991211,3.864361047744751
185,3.8904716968536377,3.511112928390503
186,4.650546073913574,7.4951276779174805
187,7.241880893707275,5.153311252593994
188,0.4643055200576782,3.8876469135284424
189,3.486039400100708,6.387531280517578
190,0.8775275945663452,1.3157894611358643
191,2.5838053226470947,3.748828887939453
192,3.0878655910491943,30.525028228759766
193,9.086508750915527,8.095526695251465
194,7.968040466308594,4.611588954925537
195,4.85660982131958,10.163118362426758
196,2.6738545894622803,1.2925993204116821
197,2.2499840259552,4.871632099151611
198,2.6528544425964355,4.344237327575684
199,2.9459128379821777,8.259684562683105
200,4.479310512542725,7.504690647125244
201,4.364621639251709,13.492545127868652
202,2.6742913722991943,4.8264875411987305
203,4.293024063110352,4.070666790008545
204,2.436150074005127,2.857959508895874
205,5.187886714935303,13.511687278747559
206,1.5022886991500854,5.762027740478516
207,8.021040916442871,18.95195770263672
208,2.250474452972412,4.4754743576049805
209,4.075636863708496,15.714622497558594
210,3.4796254634857178,7.495689392089844
211,4.884302616119385,11.132139205932617
212,2.971041202545166,4.010266304016113
213,2.5897738933563232,12.2174711227417
214,5.751746654510498,5.733122825622559
215,3.4345033168792725,3.2225840091705322
216,5.4308390617370605,7.815553188323975
217,3.971519947052002,12.907389640808105
218,2.099562644958496,3.4811062812805176
219,5.125789642333984,3.769531011581421
220,3.3935916423797607,4.870090007781982
221,0.7181262373924255,7.822889804840088
222,4.158771991729736,8.726384162902832
223,4.332529067993164,19.400524139404297
224,5.248507499694824,6.391409873962402
225,2.5295705795288086,38.647342681884766
226,4.371581077575684,6.765900135040283
227,1.0606659650802612,1.1124831438064575
228,3.3697092533111572,2.944467306137085
229,1.1236153841018677,12.666245460510254
230,3.4316980838775635,19.09490203857422
231,2.8807718753814697,8.723719596862793
232,3.953376054763794,10.4465913772583
233,2.3319873809814453,11.659768104553223
234,1.2883801460266113,14.79071044921875
235,4.296039581298828,3.5926640033721924
236,2.181368827819824,3.7377591133117676
237,4.527026653289795,9.969096183776855
238,1.6579805612564087,3.2425947189331055
239,1.9412436485290527,17.019826889038086
240,1.943746566772461,39.177276611328125
241,4.537258148193359,6.713887691497803
242,2.356201648712158,6.654245376586914
243,1.573707103729248,6.392635345458984
244,2.223883867263794,4.232266426086426
245,7.31358003616333,4.733279705047607
246,2.6074280738830566,10.639430046081543
247,2.3656649589538574,3.432769536972046
248,4.116912364959717,6.233442306518555
249,4.352596282958984,3.7651312351226807
250,5.486636161804199,39.154266357421875
251,2.8359553813934326,8.063865661621094
252,1.5879478454589844,9.695090293884277
253,4.8426833152771,14.12529182434082
254,0.9993174076080322,3.4978489875793457
255,2.1761701107025146,14.28265380859375
256,2.363271951675415,9.706852912902832
257,2.1340737342834473,4.777602195739746
258,3.4593698978424072,2.92124342918396
259,3.2496461868286133,32.47807693481445
260,5.964399814605713,31.984649658203125
261,4.661192893981934,4.337077617645264
262,4.279454231262207,19.327407836914062
263,3.2737255096435547,7.546885013580322
264,5.2727837562561035,8.23146915435791
265,4.646521091461182,10.239606857299805
266,3.4686505794525146,3.869145393371582
267,5.141636848449707,6.676904201507568
268,1.1255173683166504,15.05117416381836
269,3.4994659423828125,5.835667610168457
270,5.218043327331543,18.6289119720459
271,4.899311542510986,3.9527251720428467
272,2.484034776687622,6.9555535316467285
273,4.123340129852295,5.978000640869141
274,5.456196308135986,6.791862964630127
275,1.9704632759094238,4.984423637390137
276,1.9183671474456787,7.404390335083008
277,3.936082124710083,8.10865592956543
278,5.880058765411377,30.698389053344727
279,3.3133463859558105,6.7551589012146
280,8.390718460083008,9.15373706817627
281,5.520691394805908,4.084549903869629
282,5.243199825286865,5.8424859046936035
283,2.6747355461120605,3.8355326652526855
284,6.8435959815979,6.477522850036621
285,1.9607279300689697,8.473140716552734
286,3.3573925495147705,4.56339693069458
287,5.542275905609131,3.3291165828704834
288,1.1531795263290405,7.911391735076904
289,1.2200123071670532,11.194448471069336
290,3.8979804515838623,2.963533878326416
291,3.005466938018799,4.713534832000732
292,4.5766282081604,34.53635025024414
293,1.1100897789001465,7.164862632751465
294,1.3800606727600098,6.571381092071533
295,3.117448568344116,4.197359561920166
296,4.133966445922852,8.466683387756348
297,3.9411017894744873,9.051002502441406
298,3.346477508544922,5.864070415496826
299,1.8046486377716064,6.1383585929870605
300,4.250703811645508,5.155170440673828
301,4.683629989624023,4.3179755210876465
302,4.0703558921813965,4.9715375900268555
303,2.6340367794036865,7.658140182495117
304,0.834770679473877,8.974244117736816
305,1.2366288900375366,24.280685424804688
306,2.432234287261963,6.500259876251221
307,6.774263381958008,2.833904981613159
308,5.470139026641846,7.475517272949219
309,3.736811637878418,10.655302047729492
310,4.776628494262695,5.252100944519043
311,3.656322479248047,3.1887755393981934
312,1.345636010169983,8.038585662841797
313,3.7656354904174805,25.217500686645508
314,2.1337621212005615,19.45903968811035
315,4.922654151916504,3.6248300075531006
316,3.83846378326416,28.256572723388672
317,2.445371150970459,17.70538330078125
318,2.5951571464538574,5.261773109436035
319,2.6449027061462402,6.034274578094482
320,2.1843414306640625,3.116915702819824
321,2.9104316234588623,7.101263523101807
322,4.385552406311035,6.269002437591553
323,3.98372220993042,8.877840995788574
324,4.821877956390381,9.088017463684082
325,5.6318793296813965,18.23154067993164
326,2.9153993129730225,8.674908638000488
327,3.893244981765747,7.1862311363220215
328,0.3992956876754761,13.217023849487305
329,2.6654508113861084,7.144132137298584
330,2.0868117809295654,6.984703540802002
331,3.288515567779541,9.841550827026367
332,1.9171555042266846,8.071676254272461
333,4.2306976318359375,7.22047758102417
334,3.0169193744659424,18.328445434570312
335,3.3766086101531982,6.1627583503723145
336,4.2503767013549805,8.97988510131836
337,1.5351312160491943,4.788354396820068
338,2.663041830062866,11.027791023254395
339,3.878736734390259,5.1606245040893555
340,2.3896429538726807,3.0169553756713867
341,2.6778457164764404,4.427031517028809
342,2.025653600692749,6.75493049621582
343,1.4821926355361938,3.2738583087921143
344,4.078273296356201,3.312135696411133
345,0.35034269094467163,31.86235809326172
346,5.1107306480407715,24.727991104125977
347,7.638956069946289,3.791182041168213
348,5.104177474975586,9.403799057006836
349,3.2952232360839844,5.718860626220703
350,1.6982035636901855,3.5769219398498535
351,3.1547188758850098,14.974542617797852
352,1.1352012157440186,3.4391443729400635
353,3.549013614654541,6.861534118652344
354,7.447188377380371,3.7127106189727783
355,3.943641424179077,6.910133361816406
356,2.8136653900146484,12.51251220703125
357,1.3951057195663452,8.43917465209961
358,5.689077854156494,16.173377990722656
359,2.4390430450439453,7.214746952056885
360,4.380746841430664,6.84415864944458
361,0.6594191789627075,12.26091194152832
362,2.4683802127838135,4.486417293548584
363,4.687407493591309,2.8721601963043213
364,0.7494040131568909,8.578536987304688
365,5.150548934936523,13.953813552856445
366,1.3081377744674683,11.929615020751953
367,4.012243747711182,9.380422592163086
368,2.797529935836792,8.457374572753906
369,0.9178416132926941,14.683210372924805
370,2.4902665615081787,6.087723731994629
371,4.921305179595947,3.541515588760376
372,2.553715467453003,7.354292869567871
373,1.6669832468032837,6.886577606201172
374,4.458319187164307,18.385732650756836
375,4.9460625648498535,7.641170501708984
376,0.7347570061683655,26.119888305664062
377,2.1616709232330322,29.218406677246094
378,7.442652702331543,7.9051384925842285
379,3.4105398654937744,6.9555535316467285
380,4.681640625,17.505470275878906
381,2.6830012798309326,21.315143585205078
382,4.49887752532959,4.5513505935668945
383,4.118650913238525,30.326005935668945
384,1.1712090969085693,10.519118309020996
385,2.2252652645111084,6.544930458068848
386,2.9406511783599854,3.56360125541687
387,3.0065267086029053,12.20479679107666
388,3.8377978801727295,9.228497505187988
389,3.500011682510376,4.084383487701416
390,3.0104832649230957,5.592215538024902
391,2.6512231826782227,3.7122280597686768
392,2.9065101146698,6.175126075744629
393,2.7463579177856445,5.697680950164795
394,3.2871968746185303,13.001365661621094
395,3.2936646938323975,3.9235689640045166
396,2.5369038581848145,4.251519680023193
397,0.9736371040344238,2.66357684135437
398,2.906468629837036,6.215233325958252
399,1.9286253452301025,2.1265511512756348
400,7.906604290008545,6.283380508422852
401,5.4531121253967285,11.520736694335938
402,2.9969358444213867,16.156394958496094
403,2.72881817817688,4.594110012054443
404,4.681369304656982,22.841480255126953
405,4.931784152984619,12.664640426635742
406,2.08073353767395,9.40910816192627
407,1.335793375968933,2.8107259273529053
408,3.934051752090454,8.032450675964355
409,1.6682511568069458,3.559922695159912
410,6.518894672393799,9.323140144348145
411,3.7337825298309326,3.925032138824463
412,5.37354850769043,12.353304862976074
413,2.125222682952881,21.052631378173828
414,4.428733825683594,14.619882583618164
415,0.6952318549156189,6.573757171630859
416,5.496312141418457,2.4577574729919434
417,4.415430545806885,5.872334957122803
418,0.8820816874504089,3.214090585708618
419,3.6688551902770996,10.87902545928955
420,7.025703430175781,2.9441206455230713
421,1.5355968475341797,3.986684560775757
422,2.779449224472046,12.814763069152832
423,2.4838414192199707,6.552221298217773
424,3.1862294673919678,10.410160064697266
425,3.7378954887390137,5.717062473297119
426,6.217231750488281,14.574073791503906
427,1.4940954446792603,4.193487167358398
428,3.3134944438934326,10.307683944702148
429,0.6457661390304565,12.832029342651367
430,2.827082633972168,15.448786735534668
431,5.38739538192749,4.694174289703369
432,4.953614234924316,5.648440837860107
433,1.4475144147872925,10.219724655151367
434,2.039252519607544,8.69640827178955
435,4.638094425201416,13.710838317871094
436,3.5302228927612305,3.0141818523406982
437,3.6632885932922363,5.614507675170898
438,1.8569161891937256,10.677486419677734
439,1.209635853767395,3.671543598175049
440,2.0091772079467773,9.756097793579102
441,1.1202597618103027,7.635919094085693
442,2.165513515472412,3.748758554458618
443,2.3001723289489746,7.681375980377197
444,6.371058940887451,25.552574157714844
445,3.4855973720550537,5.271064758300781
446,3.8307180404663086,6.433350563049316
447,4.799659729003906,1.2954962253570557
448,6.89767599105835,6.4909772872924805
449,4.30837869644165,3.864734411239624
450,5.111886978149414,11.371389389038086
451,2.9128501415252686,5.18537712097168
452,2.42153000831604,8.55322265625
453,4.046290397644043,4.282013416290283
454,2.1678378582000732,10.374520301818848
455,7.524288654327393,5.426966667175293
456,4.944108963012695,5.306728839874268
457,0.9077069759368896,3.340850353240967
458,7.14035701751709,5.094502925872803
459,3.2318670749664307,5.851545810699463
460,9.082911491394043,3.814028263092041
461,1.216524600982666,5.674402713775635
462,3.216013193130493,3.7144343852996826
463,6.296568870544434,4.68537712097168
464,4.806118488311768,3.1306746006011963
465,1.2621815204620361,6.727890491485596
466,4.095693588256836,5.381696701049805
467,5.258617401123047,7.091946601867676
468,2.1554877758026123,16.645858764648438
469,2.0506701469421387,13.856173515319824
470,6.0917863845825195,12.54075813293457
471,4.14803409576416,6.538084030151367
472,2.445673704147339,5.109339714050293
473,3.8389313220977783,4.069838523864746
474,1.5812246799468994,1.7160754203796387
475,2.6716392040252686,11.94172477722168
476,3.7357914447784424,5.844022750854492
477,7.598682403564453,5.538171768188477
478,2.2544567584991455,2.457123279571533
479,1.5193105936050415,12.113870620727539
480,0.5792269110679626,5.491186141967773
481,3.925086259841919,6.213688850402832
482,2.88120436668396,6.392022132873535
483,5.836267948150635,6.2084808349609375
484,4.107748508453369,9.991008758544922
485,3.3783493041992188,4.682415008544922
486,4.83536958694458,10.01702880859375
487,1.6998063325881958,37.11263656616211
488,2.735456943511963,6.025184631347656
489,3.1647629737854004,5.490583419799805
490,0.9681107997894287,3.9559309482574463
491,1.4526963233947754,5.324530124664307
492,3.042933464050293,3.1124045848846436
493,7.276203155517578,24.554941177368164
494,1.7669323682785034,8.22064208984375
495,3.2877790927886963,7.075638294219971
496,5.343657970428467,28.220685958862305
497,2.1383602619171143,5.391561985015869
498,1.8498605489730835,3.0138638019561768
499,2.9389877319335938,7.608613014221191
500,4.842198848724365,4.210260391235352
501,2.8486690521240234,2.7655632495880127
502,1.0657631158828735,12.019230842590332
503,4.0125412940979,3.451429843902588
504,2.551553726196289,17.97591209411621
505,1.4200420379638672,27.103944778442383
506,5.5794677734375,4.51609992980957
507,2.093351364135742,12.401562690734863
508,2.5753164291381836,8.88099479675293
509,4.234062671661377,4.512635231018066
510,1.848949670791626,5.68278694152832
511,4.654327392578125,7.129870414733887
512,2.4203317165374756,6.092731475830078
513,6.212270259857178,8.403715133666992
514,3.267416477203369,6.053818225860596
515,4.2652082443237305,6.112095355987549
516,3.3740174770355225,3.048966646194458
517,4.3105974197387695,12.5
518,4.127490043640137,3.526217460632324
519,2.3200607299804688,8.231130599975586
520,5.668260097503662,6.003481864929199
521,4.236515522003174,7.973845481872559
522,3.705714702606201,3.1383872032165527
523,6.283844947814941,4.694835662841797
524,3.358473300933838,9.177680015563965
525,6.970976829528809,6.724496841430664
526,3.6033949851989746,14.73730754852295
527,1.5830824375152588,4.163283824920654
528,3.264141082763672,10.548523902893066
529,5.461505889892578,5.574135780334473
530,1.2656975984573364,4.484706878662109
531,1.8648524284362793,23.09468650817871
532,2.683220624923706,18.001800537109375
533,0.2681768834590912,5.425935745239258
534,4.578464508056641,5.917159557342529
535,2.447711706161499,7.115411758422852
536,4.1635422706604,7.5182318687438965
537,4.3900346755981445,4.256405830383301
538,2.529862403869629,10.238035202026367
539,1.276678204536438,3.7810041904449463
540,6.500564098358154,7.336218357086182
541,0.9714890122413635,11.804285049438477
542,1.7344155311584473,5.018568515777588
543,2.798837900161743,6.534879684448242
544,1.6404674053192139,3.451251268386841
545,2.909681797027588,38.72966766357422
546,1.9935081005096436,3.882288932800293
547,1.7304461002349854,30.759769439697266
548,1.0116596221923828,14.922032356262207
549,3.447345495223999,5.479151725769043
550,5.773182392120361,5.183764457702637
551,4.004912376403809,3.317629814147949
552,2.265477180480957,5.773338317871094
553,4.006658554077148,11.643477439880371
554,5.219759941101074,11.906179428100586
555,1.952133297920227,4.054327964782715
556,5.7780609130859375,5.921188831329346
557,5.886108875274658,21.321962356567383
558,1.4059306383132935,8.755416870117188
559,4.220765113830566,30.24803352355957
560,6.048337459564209,17.652252197265625
561,3.338874101638794,3.673567056655884
562,5.74428653717041,4.819509029388428
563,2.4026401042938232,5.472105503082275
564,7.85320520401001,21.21340560913086
565,3.04172420501709,4.091820240020752
566,0.8553090691566467,12.3510160446167
567,2.843918561935425,12.35941219329834
568,1.773613452911377,28.457597732543945
569,0.6098690629005432,15.817778587341309
570,3.6667957305908203,5.45256233215332
571,4.710319995880127,4.515895843505859
572,1.7239148616790771,6.904646873474121
573,0.9358230233192444,3.7332935333251953
574,0.6992997527122498,13.322675704956055
575,1.409656286239624,8.424599647521973
576,2.3961963653564453,4.661570072174072
577,6.1888556480407715,20.794342041015625
578,2.992955446243286,27.056278228759766
579,6.298943042755127,3.124560594558716
580,6.192534923553467,11.741223335266113
581,0.3551212251186371,7.21266508102417
582,3.634871006011963,6.6912007331848145
583,5.298820972442627,7.084912300109863
584,3.249429941177368,4.975619316101074
585,4.232929229736328,8.944144248962402
586,0.918395459651947,5.821229457855225
587,3.4876222610473633,8.694140434265137
588,3.6604225635528564,30.84039878845215
589,5.140305519104004,11.449507713317871
590,0.8739194273948669,16.483970642089844
591,1.515978455543518,9.132420539855957
592,5.654501914978027,5.590496063232422
593,4.789056301116943,5.4501848220825195
594,0.807991623878479,21.540119171142578
595,5.197990894317627,3.610564708709717
596,3.5315840244293213,4.920170307159424
597,3.383338689804077,1.2539185285568237
598,5.33444881439209,12.457178115844727
599,1.3255561590194702,7.295542240142822
600,4.623415470123291,6.70645809173584
601,1.8510385751724243,11.546677589416504
602,1.5783721208572388,4.285132884979248
603,2.2802953720092773,15.54242992401123
604,7.86445426940918,3.9299678802490234
605,3.5611393451690674,3.523918628692627
606,4.172389507293701,8.224699020385742
607,7.067398548126221,3.9580447673797607
608,8.839764595031738,10.170353889465332
609,4.01860237121582,3.5108046531677246
610,2.244434118270874,2.4325573444366455
611,3.0522892475128174,9.711566925048828
612,0.8831775188446045,14.968939781188965
613,3.2058610916137695,6.267627239227295
614,0.5358131527900696,8.958968162536621
615,1.9621485471725464,9.51791763305664
616,3.425675868988037,4.494079113006592
617,1.51475191116333,6.871199131011963
618,1.2839864492416382,10.173458099365234
619,5.057844638824463,7.545176982879639
620,3.302767038345337,3.8011975288391113
621,7.126691818237305,8.750054359436035
622,1.6269817352294922,4.633168697357178
623,2.8756392002105713,10.25430679321289
624,5.788870811462402,8.352474212646484
625,5.277166843414307,3.3070971965789795
626,6.052952289581299,4.110151767730713
627,4.975111484527588,5.1547722816467285
628,2.2806084156036377,7.2682342529296875
629,2.1920149326324463,7.211364269256592
630,2.324380397796631,3.2673869132995605
631,3.959458112716675,4.548762798309326
632,3.60691237449646,9.799118041992188
633,1.9531630277633667,35.66333770751953
634,4.804190635681152,15.724507331848145
635,0.8706555962562561,8.268563270568848
636,4.730654716491699,10.012015342712402
637,0.9141244292259216,4.680333137512207
638,4.51258659362793,7.344300746917725
639,5.644007205963135,11.830120086669922
640,7.370133876800537,4.096933364868164
641,3.7560551166534424,9.493520736694336
642,2.5452589988708496,5.272592544555664
643,8.000829696655273,6.065016746520996
644,4.405614852905273,4.8127827644348145
645,1.0940892696380615,5.36826229095459
646,2.9903149604797363,3.095064878463745
647,3.20208477973938,3.8648836612701416
648,6.011824131011963,15.675209999084473
649,2.2185263633728027,22.1557559967041
650,3.262751817703247,8.587008476257324
651,3.1167197227478027,12.9265775680542
652,4.4621453285217285,8.907098770141602
653,2.0279393196105957,25.756601333618164
654,2.5719680786132812,20.28397560119629
655,0.9322227835655212,2.633727550506592
656,3.866854667663574,8.767315864562988
657,4.219839096069336,8.985937118530273
658,2.379957437515259,5.912261486053467
659,4.985244274139404,1.3060286045074463
660,2.9117929935455322,7.164862632751465
661,3.2600083351135254,6.953619003295898
662,3.0698769092559814,3.5464766025543213
663,1.7299633026123047,11.414874076843262
664,2.054353713989258,5.033979415893555
665,2.896261215209961,6.225293159484863
666,9.14002513885498,4.81046724319458
667,3.914588212966919,16.149869918823242
668,4.667933464050293,9.324009895324707
669,2.6680593490600586,3.6948771476745605
670,3.812138557434082,31.411970138549805
671,2.049994945526123,10.234890937805176
672,5.968496799468994,20.88118553161621
673,0.27633893489837646,4.7082085609436035
674,4.164069652557373,6.945408344268799
675,3.3651161193847656,12.360939979553223
676,3.775357484817505,4.472871780395508
677,1.9431731700897217,5.561425685882568
678,4.792602062225342,4.457221508026123
679,5.563112258911133,7.653744220733643
680,1.855106234550476,22.284120559692383
681,5.456948280334473,4.862748622894287
682,1.221301555633545,3.3972582817077637
683,1.7834426164627075,2.9019153118133545
684,2.0079331398010254,17.32952117919922
685,0.5167216658592224,6.237135410308838
686,5.72511625289917,5.126101970672607
687,1.2550482749938965,3.506495952606201
688,4.068619251251221,14.203536987304688
689,0.2394326776266098,8.361554145812988
690,1.4159964323043823,14.12429428100586
691,3.834914207458496,6.5580220222473145
692,5.319056510925293,9.795759201049805
693,3.504148006439209,4.3272247314453125
694,2.5773725509643555,4.708984375
695,0.8644244074821472,13.064210891723633
696,0.04965135455131531,7.401102066040039
697,7.677546977996826,10.673497200012207
698,2.8947179317474365,9.829459190368652
699,1.5021226406097412,7.65023136138916
700,1.6674671173095703,20.757654190063477
701,3.842366933822632,12.593666076660156
702,4.153303146362305,5.404236793518066
703,2.9900565147399902,8.56531047821045
704,3.0252113342285156,5.772171974182129
705,4.434002876281738,17.664722442626953
706,2.010817289352417,7.219173908233643
707,1.6022639274597168,2.9026312828063965
708,3.4690358638763428,5.288766860961914
709,2.901613712310791,3.336113452911377
710,3.7717032432556152,3.130037546157837
711,4.1575446128845215,7.8939056396484375
712,2.200778007507324,7.841291904449463
713,1.704155683517456,6.5490031242370605
714,0.4124879539012909,3.5658249855041504
715,2.262857437133789,5.905802249908447
716,4.016758918762207,10.370755195617676
717,3.388756513595581,17.171804428100586
718,6.514192581176758,40.95003890991211
719,3.7884979248046875,4.577287197113037
720,4.9665141105651855,11.793844223022461
721,2.801767110824585,6.886340618133545
722,1.9194133281707764,7.067886829376221
723,2.744953155517578,8.392430305480957
724,1.756493091583252,5.794749736785889
725,1.7620247602462769,10.691757202148438
726,3.1721348762512207,12.98701286315918
727,3.365781784057617,17.322017669677734
728,4.422318935394287,5.1338653564453125
729,3.0827648639678955,11.601600646972656
730,3.5502490997314453,4.161118507385254
731,5.788548946380615,5.347736358642578
732,6.021726131439209,2.8113975524902344
733,4.205794811248779,10.410701751708984
734,2.8875386714935303,6.675121784210205
735,7.492241382598877,7.049699783325195
736,3.548344373703003,41.45936965942383
737,1.7135388851165771,25.294042587280273
738,2.7623393535614014,3.7927637100219727
739,3.5539958477020264,7.380890369415283
740,5.520692825317383,4.084549903869629
741,1.4011880159378052,7.118704319000244
742,5.942746162414551,31.201250076293945
743,1.405765175819397,4.577706336975098
744,1.510244369506836,2.865042209625244
745,2.3983747959136963,7.576331615447998
746,2.136258602142334,3.3811769485473633
747,3.905438184738159,11.20259952545166
748,2.0698280334472656,4.939491271972656
749,3.962982177734375,18.544275283813477
750,0.5389599800109863,18.006664276123047
751,1.7657049894332886,8.95054817199707
752,2.4601950645446777,19.258546829223633
753,2.5616729259490967,4.140615463256836
754,2.2492129802703857,25.963909149169922
755,1.0373075008392334,6.234802722930908
756,2.5339653491973877,5.688120365142822
757,4.704732894897461,9.903931617736816
758,2.3303980827331543,30.79766082763672
759,5.7932963371276855,7.81280517578125
760,1.8416234254837036,3.2065155506134033
761,3.0700855255126953,35.733428955078125
762,7.124972343444824,3.7292559146881104
763,0.7804417014122009,3.475963830947876
764,0.7829985022544861,15.220699310302734
765,3.099353075027466,7.217610836029053
766,3.2141356468200684,9.707795143127441
767,1.5914812088012695,5.098528861999512
768,4.223823070526123,14.829095840454102
769,3.710451126098633,10.191082954406738
770,0.8374859094619751,20.807323455810547
771,2.1330769062042236,5.7226243019104
772,2.6675362586975098,7.6031174659729
773,4.687351226806641,4.693403244018555
774,1.1803232431411743,6.6255879402160645
775,1.7962793111801147,8.140007972717285
776,1.4042799472808838,8.643415451049805
777,3.3736371994018555,4.023011684417725
778,1.2040190696716309,10.450959205627441
779,3.5081605911254883,7.5318217277526855
780,3.8195993900299072,3.8185431957244873
781,5.693802356719971,4.24592399597168
782,1.4727426767349243,5.299978733062744
783,1.1391900777816772,3.32684588432312
784,6.3164215087890625,6.16389799118042
785,5.2227067947387695,5.418292045593262
786,2.1266837120056152,12.315271377563477
787,3.6225078105926514,6.452652931213379
788,5.531103610992432,8.92458724975586
789,1.5547984838485718,5.826826095581055
790,3.957460403442383,6.431694984436035
791,3.6513307094573975,2.8782362937927246
792,3.1761112213134766,2.8836727142333984
793,4.210522651672363,3.3362247943878174
794,3.21976375579834,6.203858852386475
795,1.686151146888733,9.393199920654297
796,5.6778669357299805,6.458905220031738
797,6.106666564941406,7.724393367767334
798,1.9505746364593506,27.620492935180664
799,3.0620081424713135,7.290755271911621
800,5.884235382080078,3.5193920135498047
801,5.053841590881348,5.993945598602295
802,3.1980884075164795,11.281588554382324
803,8.37031078338623,15.069319725036621
804,3.8395824432373047,5.3079962730407715
805,3.6410367488861084,9.29973030090332
806,1.178102731704712,3.007699966430664
807,2.451983690261841,7.248477935791016
808,2.8385064601898193,2.363591194152832
809,4.592718601226807,13.743815422058105
810,1.2759804725646973,7.4479570388793945
811,4.2988786697387695,9.725261688232422
812,4.976602554321289,3.2652530670166016
813,0.7663353681564331,6.578298091888428
814,3.8545103073120117,15.670297622680664
815,4.779074668884277,10.18848705291748
816,5.8331618309021,15.495468139648438
817,5.212143421173096,4.930115222930908
818,4.700528621673584,5.296750545501709
819,1.7673941850662231,3.505758285522461
820,1.9296190738677979,2.7472527027130127
821,5.324745178222656,5.4331583976745605
822,3.355722427368164,8.955357551574707
823,6.126192092895508,12.31375503540039
824,2.1367483139038086,10.080137252807617
825,3.2926487922668457,4.195598602294922
826,2.745184898376465,7.026912689208984
827,1.1688005924224854,14.919806480407715
828,1.509448766708374,6.0497894287109375
829,2.5869204998016357,17.46419906616211
830,3.102787494659424,5.390544891357422
831,1.9395767450332642,5.079622745513916
832,1.1188987493515015,19.09125518798828
833,3.400045394897461,5.473903179168701
834,3.0251576900482178,8.631851196289062
835,5.446803092956543,5.058680534362793
836,3.443835735321045,5.532656192779541
837,5.4601335525512695,23.75861358642578
838,3.0937716960906982,3.4360721111297607
839,3.5539965629577637,4.8873467445373535
840,2.6043055057525635,25.20796775817871
841,6.519345760345459,5.016428470611572
842,6.479879379272461,7.000840187072754
843,2.6718027591705322,6.6456217765808105
844,2.689321994781494,9.060023307800293
845,7.18836784362793,35.90664291381836
846,1.6700894832611084,6.421576499938965
847,4.511738300323486,10.556318283081055
848,4.1639814376831055,6.758583068847656
849,3.245738983154297,7.527003288269043
850,0.33883678913116455,9.835259437561035
851,4.091979026794434,8.22638988494873
852,1.0793224573135376,3.9051060676574707
853,10.24329948425293,5.478851795196533
854,2.368690252304077,10.455876350402832
855,0.22743597626686096,11.648223876953125
856,5.434690475463867,30.120481491088867
857,2.9851670265197754,11.299434661865234
858,1.9197434186935425,3.2403883934020996
859,4.339558124542236,8.958165168762207
860,7.0157623291015625,8.373806953430176
861,0.6818007826805115,4.929021835327148
862,4.260136127471924,4.177807331085205
863,6.016535758972168,27.6472225189209
864,2.604114532470703,11.424654960632324
865,0.9658958315849304,5.348451137542725
866,3.3575005531311035,2.542588472366333
867,3.567153215408325,9.48316764831543
868,2.7904717922210693,9.157090187072754
869,5.949211597442627,15.815277099609375
870,4.194219589233398,23.909147262573242
871,4.152419090270996,4.781028747558594
872,0.6914074420928955,8.719156265258789
873,2.5640411376953125,3.6225979328155518
874,3.5281996726989746,8.352823257446289
875,1.2187542915344238,10.458610534667969
876,4.77651834487915,13.954787254333496
877,4.9017205238342285,17.721071243286133
878,1.9474705457687378,10.758472442626953
879,4.0908284187316895,2.9865903854370117
880,4.919101715087891,40.89979553222656
881,4.137033462524414,11.25302505493164
882,4.674182891845703,10.036633491516113
883,1.1353187561035156,8.038262367248535
884,1.3783843517303467,17.587055206298828
885,6.779378890991211,12.580199241638184
886,2.7374463081359863,12.425448417663574
887,4.797069072723389,7.5777668952941895
888,1.1020708084106445,6.360513687133789
889,3.9696547985076904,5.461794853210449
890,1.3123034238815308,3.2100670337677
891,2.17264461517334,4.539676666259766
892,5.8667120933532715,6.229558944702148
893,0.9529688358306885,23.68545913696289
894,4.306895732879639,17.075044631958008
895,6.448346138000488,5.65307092666626
896,2.848856210708618,5.029421806335449
897,5.512054443359375,3.111968755722046
898,4.119593620300293,3.454470157623291
899,2.5354244709014893,3.5104966163635254
900,4.393280506134033,9.448224067687988
901,4.142867565155029,25.477706909179688
902,2.2921645641326904,7.142601490020752
903,4.294957160949707,8.568613052368164
904,0.2701456546783447,6.943480014801025
905,0.9199652671813965,4.364144325256348
906,6.667193412780762,27.89400291442871
907,0.8091875910758972,22.906883239746094
908,5.187067031860352,5.463137626647949
909,0.33058735728263855,7.547454357147217
910,5.271777629852295,3.348233222961426
911,1.2030227184295654,4.056959629058838
912,5.680599212646484,26.8348331451416
913,7.2784104347229,24.47081756591797
914,6.255340576171875,5.396217346191406
915,3.2606914043426514,4.311831474304199
916,4.885168552398682,2.8276543617248535
917,2.486095905303955,14.924259185791016
918,5.929889678955078,4.269763469696045
919,4.3137712478637695,13.87347412109375
920,2.6749496459960938,8.170268058776855
921,3.9889607429504395,8.529512405395508
922,1.1528100967407227,5.203184127807617
923,1.659110426902771,41.66666793823242
924,2.3433632850646973,2.611443519592285
925,2.7102954387664795,7.236674785614014
926,4.098666667938232,4.087221145629883
927,6.083603858947754,3.6595184803009033
928,5.4244489669799805,3.59389066696167
929,3.1426775455474854,7.118957996368408
930,5.7544121742248535,7.565727233886719
931,2.7866556644439697,7.7288713455200195
932,1.2239580154418945,4.940711498260498
933,1.4597433805465698,6.068512916564941
934,4.586022853851318,6.737636089324951
935,0.9928295016288757,7.0224714279174805
936,4.113567352294922,14.066676139831543
937,6.2996954917907715,8.686210632324219
938,1.934708833694458,14.206562995910645
939,3.2417044639587402,13.807387351989746
940,4.1313157081604,3.285475015640259
941,4.456535816192627,5.364950656890869
942,2.240410089492798,3.860705614089966
943,4.01729154586792,3.500297784805298
944,1.6522349119186401,12.436264991760254
945,1.6611578464508057,9.359790802001953
946,2.7069308757781982,4.179903030395508
947,4.8444600105285645,4.499943733215332
948,2.2389206886291504,4.291292667388916
949,4.333049774169922,5.499490737915039
950,0.261941134929657,16.363935470581055
951,3.7815358638763428,3.30305552482605
952,4.3765482902526855,8.066468238830566
953,3.9094560146331787,4.184800624847412
954,2.419494152069092,10.86366081237793
955,3.6470184326171875,6.075518608093262
956,4.057136058807373,10.109179496765137
957,3.6185779571533203,16.567262649536133
958,0.8926749229431152,5.46030330657959
959,3.2830426692962646,5.090224266052246
960,4.897627830505371,18.843036651611328
961,2.195664167404175,4.537925720214844
962,2.6043782234191895,11.245431900024414
963,1.7994529008865356,3.3966238498687744
964,5.14516544342041,5.591277122497559
965,1.696215271949768,7.649646282196045
966,3.096881866455078,6.2059760093688965
967,5.6353254318237305,34.686092376708984
968,3.0363099575042725,4.190939426422119
969,4.882576942443848,5.095022201538086
970,5.2775163650512695,3.9656574726104736
971,4.744964122772217,21.253986358642578
972,3.649768590927124,8.533879280090332
973,6.498594760894775,5.375476837158203
974,5.54116678237915,4.776119232177734
975,4.857178688049316,5.045280933380127
976,3.8511149883270264,5.423581600189209
977,2.8782100677490234,22.24694061279297
978,6.10577917098999,19.301294326782227
979,5.0512213706970215,11.389522552490234
980,3.7340943813323975,16.101762771606445
981,1.9412366151809692,9.82028865814209
982,1.4077632427215576,4.660266399383545
983,1.3390910625457764,6.49540376663208
984,3.038045644760132,3.2840185165405273
985,6.628981590270996,9.672115325927734
986,6.292552947998047,3.922030210494995
987,1.3426640033721924,6.350819110870361
988,2.090071439743042,10.255885124206543
989,5.436178684234619,7.6204986572265625
990,3.1855785846710205,15.519515991210938
991,4.586503982543945,21.73204231262207
992,3.7021100521087646,34.299434661865234
993,3.400481939315796,7.546030521392822
994,0.8773996829986572,8.917027473449707
995,2.132864475250244,8.541533470153809
996,3.294895648956299,9.595547676086426
997,4.583804607391357,19.069412231445312
998,2.695570945739746,5.310110092163086
999,5.172985076904297,6.466213703155518
1000,3.7316484451293945,19.43256950378418
1001,3.5749287605285645,9.293680191040039
1002,3.3453240394592285,20.527557373046875
1003,1.9145779609680176,7.026912689208984
1004,3.2286505699157715,3.653101682662964
1005,5.762307167053223,3.3394558429718018
1006,2.602715492248535,6.5545830726623535
1007,2.7000997066497803,6.447868824005127
1008,3.4751973152160645,5.318865776062012
1009,4.627040863037109,4.927321910858154
1010,3.6874752044677734,6.494560241699219
1011,4.623414039611816,4.832318305969238
1012,5.328951358795166,4.342916488647461
1013,2.037111282348633,5.0092668533325195
1014,5.292352676391602,12.503907203674316
1015,4.466227054595947,13.339558601379395
1016,3.5007569789886475,4.53627872467041
1017,3.5259506702423096,7.426385879516602
1018,5.128282070159912,8.294281005859375
1019,2.778926134109497,6.23616361618042
1020,4.387625217437744,8.072328567504883
1021,3.6941850185394287,8.21186637878418
1022,1.183346152305603,7.255314350128174
1023,3.6575801372528076,4.776917934417725
1024,2.099810838699341,3.7835793495178223
1025,1.110320806503296,3.7285611629486084
1026,5.14552116394043,4.710759162902832
1027,3.2985002994537354,11.044841766357422
1028,5.4053635597229,22.3139591217041
1029,3.804276943206787,8.893631935119629
1030,2.2686879634857178,3.867050886154175
1031,2.534810781478882,3.3204944133758545
1032,2.8726351261138916,10.867793083190918
1033,2.1717369556427,5.20738410949707
1034,3.4629783630371094,7.074637413024902
1035,3.4329659938812256,9.102080345153809
1036,6.407458782196045,7.824113845825195
1037,2.489574432373047,4.588840007781982
1038,4.165379524230957,6.9232892990112305
1039,3.1132092475891113,8.072328567504883
1040,2.5001204013824463,3.1036622524261475
1041,5.782526016235352,4.565167427062988
1042,2.7733378410339355,8.230113983154297
1043,1.713881015777588,4.771105766296387
1044,5.437119007110596,4.667662620544434
1045,3.0129315853118896,15.388166427612305
1046,4.313776969909668,7.368653774261475
1047,2.1350936889648438,2.2795660495758057
1048,3.8654236793518066,13.014055252075195
1049,4.714954853057861,5.379380702972412
1050,5.051461696624756,5.227391242980957
1051,4.159908771514893,4.26648473739624
1052,1.5641752481460571,4.911229133605957
1053,6.97782039642334,13.719303131103516
1054,1.4507874250411987,3.8043065071105957
1055,2.8097519874572754,6.784720420837402
1056,0.7858255505561829,5.694112300872803
1057,8.081878662109375,4.334821701049805
1058,2.1253461837768555,8.041817665100098
1059,2.0078775882720947,28.232637405395508
1060,10.533390045166016,2.9381518363952637
1061,2.052868127822876,4.807229995727539
1062,4.518062114715576,3.9978411197662354
1063,4.284738540649414,5.539245128631592
1064,2.8673174381256104,6.570302486419678
1065,6.352299690246582,11.97533130645752
1066,3.611722707748413,7.459624767303467
1067,3.7179486751556396,10.307683944702148
1068,1.6291329860687256,7.45239782333374
1069,3.2656514644622803,4.6004509925842285
1070,4.520334720611572,7.483349323272705
1071,1.8816057443618774,3.118957042694092
1072,0.8086202144622803,12.043839454650879
1073,1.0248451232910156,4.303666591644287
1074,4.454467296600342,7.7884650230407715
1075,1.2917146682739258,7.402472019195557
1076,3.0167648792266846,4.361384391784668
1077,4.621619701385498,3.961808204650879
1078,4.45301628112793,11.11172866821289
1079,0.36231762170791626,5.6756911277771
1080,3.664806365966797,6.646505832672119
1081,1.4913666248321533,11.347517967224121
1082,2.870971441268921,3.9808919429779053
1083,3.0417675971984863,3.365983486175537
1084,4.288919448852539,10.727312088012695
1085,4.132672309875488,5.542315483093262
1086,5.75840425491333,3.66568922996521
1087,2.3619885444641113,13.135427474975586
1088,0.7360349893569946,8.000320434570312
1089,1.7449384927749634,3.3249101638793945
1090,0.8136924505233765,6.018657684326172
1091,1.5651122331619263,3.7172651290893555
1092,4.14125394821167,9.396730422973633
1093,3.879221200942993,9.27299690246582
1094,2.9818615913391113,6.921133041381836
1095,2.275385856628418,4.827302932739258
1096,1.7798200845718384,5.863039493560791
1097,2.737943649291992,10.239083290100098
1098,2.622185230255127,7.295276165008545
1099,2.3499369621276855,32.36246109008789
1100,2.894019842147827,22.996435165405273
1101,5.2629547119140625,21.017236709594727
1102,1.5285162925720215,13.193483352661133
1103,5.948875904083252,29.40311622619629
1104,4.491966724395752,8.446659088134766
1105,2.9175751209259033,21.039342880249023
1106,5.449050426483154,5.794078350067139
1107,5.226430416107178,4.764400005340576
1108,0.6688093543052673,7.798791408538818
1109,2.49265718460083,36.85956573486328
1110,5.292251110076904,4.023011684417725
1111,5.399293899536133,3.68046236038208
1112,1.827823519706726,12.534470558166504
1113,1.6392254829406738,3.836488962173462
1114,1.9826688766479492,13.366304397583008
1115,1.9647953510284424,5.815136909484863
1116,0.6568719744682312,18.504812240600586
1117,3.6578094959259033,8.264803886413574
1118,1.9546111822128296,12.498437881469727
1119,1.7505192756652832,4.023983001708984
1120,6.039359092712402,13.906271934509277
1121,1.140773057937622,6.518054962158203
1122,0.459716260433197,4.63994026184082
1123,4.018736362457275,33.00874710083008
1124,4.909673690795898,5.873024940490723
1125,4.076666355133057,19.01140785217285
1126,4.538095474243164,15.757957458496094
1127,3.292680263519287,4.466578960418701
1128,6.360519886016846,4.779201030731201
1129,5.225545883178711,7.7465338706970215
1130,4.030816555023193,28.864194869995117
1131,0.6388452053070068,24.737167358398438
1132,0.8464803695678711,13.118195533752441
1133,6.870563507080078,12.158793449401855
1134,5.214519500732422,4.8763837814331055
1135,3.1435699462890625,3.5884740352630615
1136,4.423915386199951,4.176324367523193
1137,2.654494524002075,6.0070881843566895
1138,4.886795520782471,4.919928073883057
1139,4.634380340576172,8.268563270568848
1140,2.00201416015625,4.8873467445373535
1141,4.0965681076049805,4.9482903480529785
1142,7.921299934387207,3.744056463241577
1143,5.3674468994140625,7.212405204772949
1144,4.5948486328125,15.160703659057617
1145,3.665745258331299,2.9733145236968994
1146,1.2984658479690552,3.3909800052642822
1147,5.856263637542725,13.219644546508789
1148,2.4318177700042725,13.944085121154785
1149,8.110136985778809,6.104446887969971
1150,3.005728006362915,3.85215425491333
1151,4.53230619430542,4.772358417510986
1152,3.845211982727051,4.709650039672852
1153,1.581558346748352,10.595465660095215
1154,7.573552131652832,3.6425893306732178
1155,1.350756049156189,12.072920799255371
1156,7.9871625900268555,5.837029933929443
1157,4.680384159088135,9.184423446655273
1158,0.6272629499435425,6.229170799255371
1159,6.925438404083252,6.717720985412598
1160,2.7324111461639404,7.474400043487549
1161,2.7605702877044678,4.082298755645752
1162,3.3553926944732666,5.402047157287598
1163,3.5526669025421143,1.408450722694397
1164,2.250236988067627,6.5819783210754395
1165,5.034601211547852,10.155893325805664
1166,4.484538555145264,7.979890823364258
1167,2.7712016105651855,17.784101486206055
1168,6.745884895324707,6.903693675994873
1169,5.868171691894531,4.200445175170898
1170,3.073274850845337,5.123476028442383
1171,1.2757562398910522,5.05458927154541
1172,0.7698954939842224,6.314327239990234
1173,3.7720329761505127,1.448110580444336
1174,3.69590425491333,30.40437889099121
1175,4.1617889404296875,6.246486186981201
1176,6.036954402923584,31.196382522583008
1177,4.109675407409668,16.90331268310547
1178,5.184507369995117,3.9930522441864014
1179,6.078105449676514,6.647609710693359
1180,1.7246572971343994,7.302468299865723
1181,1.1059131622314453,28.457597732543945
1182,2.742799758911133,5.324813365936279
1183,4.882969856262207,9.04240894317627
1184,2.667712926864624,7.458511829376221
1185,3.0189859867095947,6.471444129943848
1186,2.610690116882324,4.816839694976807
1187,4.995843887329102,3.050733804702759
1188,5.846319675445557,22.299030303955078
1189,4.2955002784729,6.953619003295898
1190,4.022983551025391,5.3075737953186035
1191,3.3770265579223633,5.321413040161133
1192,1.9204128980636597,4.744170665740967
1193,2.9713025093078613,10.170353889465332
1194,2.405677080154419,23.100025177001953
1195,3.6296489238739014,4.377325534820557
1196,4.189565181732178,12.909055709838867
1197,3.5691633224487305,5.952380657196045
1198,2.7854182720184326,4.824159145355225
1199,2.606930732727051,6.769105434417725
1200,5.087596893310547,4.618297576904297
1201,3.579045057296753,7.138522624969482
1202,3.0105063915252686,6.540008544921875
1203,3.46308970451355,3.4775352478027344
1204,4.512543678283691,10.236462593078613
1205,4.9643778800964355,36.623329162597656
1206,1.562880039215088,3.25653338432312
1207,6.705402851104736,4.670496463775635
1208,2.7796289920806885,3.762510299682617
1209,2.0563414096832275,2.2791764736175537
1210,3.7734665870666504,6.77392053604126
1211,3.4802026748657227,8.217602729797363
1212,0.9506158828735352,8.34585189819336
1213,5.25375509262085,12.697607040405273
1214,1.5761003494262695,13.269639015197754
1215,2.9445388317108154,8.076565742492676
1216,5.373276710510254,23.482446670532227
1217,4.322646141052246,7.077892303466797
1218,2.6733312606811523,7.13724946975708
1219,0.6989604234695435,22.239521026611328
1220,4.500979423522949,11.505494117736816
1221,3.906818389892578,4.567878723144531
1222,5.697201728820801,3.5008492469787598
1223,3.9732799530029297,5.580824375152588
1224,2.6401941776275635,21.99494171142578
1225,5.935603141784668,9.888262748718262
1226,5.491257190704346,7.188555717468262
1227,3.3028481006622314,4.759298324584961
1228,3.2727692127227783,5.237795829772949
1229,1.3138222694396973,12.025734901428223
1230,5.970799446105957,10.64906120300293
1231,0.9478764533996582,5.855829238891602
1232,1.2648948431015015,3.627986192703247
1233,4.431020736694336,6.68695068359375
1234,4.626799583435059,9.211071968078613
1235,3.6731555461883545,4.486417293548584
1236,3.0936672687530518,3.201075792312622
1237,1.3780637979507446,11.617100715637207
1238,3.6997017860412598,8.944144248962402
1239,4.373647212982178,6.202126979827881
1240,3.0125222206115723,5.8303937911987305
1241,1.810425043106079,17.38827896118164
1242,1.4613456726074219,3.9410417079925537
1243,7.103736877441406,13.487086296081543
1244,2.8038907051086426,10.767740249633789
1245,0.6580566167831421,2.849611759185791
1246,1.6817457675933838,4.532064437866211
1247,2.5846009254455566,4.184800624847412
1248,6.096803665161133,2.559901714324951
1249,5.88355827331543,6.139677047729492
1250,3.5035860538482666,13.784547805786133
1251,5.590053081512451,5.87130069732666
1252,2.1853127479553223,3.951632261276245
1253,2.0477135181427,4.260758399963379
1254,6.273934841156006,8.129420280456543
1255,0.48077577352523804,17.935611724853516
1256,3.4369723796844482,5.346735954284668
1257,2.1637027263641357,4.251429557800293
1258,5.311761856079102,10.68319034576416
1259,4.035955905914307,9.112032890319824
1260,4.021301746368408,18.597732543945312
1261,3.46398663520813,15.647003173828125
1262,3.818053960800171,3.5568838119506836
1263,3.063540458679199,6.086056709289551
1264,1.3211272954940796,9.967108726501465
1265,4.539546966552734,13.116475105285645
1266,5.5969719886779785,16.41901206970215
1267,3.7501280307769775,16.556291580200195
1268,0.644939124584198,10.604454040527344
1269,3.222757339477539,8.241644859313965
1270,2.0406224727630615,9.746588706970215
1271,1.1148085594177246,9.0620756149292
1272,5.265727996826172,9.462080955505371
1273,1.372766375541687,4.4089765548706055
1274,5.0330095291137695,18.434877395629883
1275,0.5084239840507507,5.068937301635742
1276,1.2525547742843628,19.902477264404297
1277,2.606714963912964,11.420087814331055
1278,5.662579536437988,6.044121742248535
1279,2.3280792236328125,3.5620148181915283
1280,2.571533441543579,5.217028617858887
1281,4.1206207275390625,4.617018222808838
1282,2.937626838684082,8.124136924743652
1283,0.3659590780735016,9.607994079589844
1284,1.8810359239578247,4.9892730712890625
1285,2.8417365550994873,7.501594066619873
1286,3.0528035163879395,12.496095657348633
1287,0.7351347208023071,5.22520637512207
1288,5.473808288574219,4.60383939743042
1289,5.526108264923096,9.991507530212402
1290,3.7022640705108643,8.611781120300293
1291,2.276812791824341,12.093360900878906
1292,1.1798920631408691,11.777175903320312
1293,4.082855701446533,9.529254913330078
1294,5.4147491455078125,5.828354835510254
1295,3.4709150791168213,4.977600574493408
1296,2.9824273586273193,39.76142883300781
1297,3.3487932682037354,3.024803400039673
1298,3.7659058570861816,9.181893348693848
1299,6.4251389503479,29.351335525512695
1300,0.8635334372520447,5.08117151260376
1301,6.320818901062012,3.554544687271118
1302,7.142578601837158,6.211951732635498
1303,2.0495641231536865,25.329280853271484
1304,2.451853036880493,6.667333602905273
1305,5.461274147033691,5.06598424911499
1306,2.631117582321167,10.142501831054688
1307,2.820850133895874,2.853555679321289
1308,6.267767906188965,15.423768997192383
1309,5.382136344909668,23.65184211730957
1310,3.711742877960205,3.3930511474609375
1311,3.84247088432312,3.861003875732422
1312,2.7034950256347656,3.5621418952941895
1313,0.7588393092155457,3.487905740737915
1314,0.31597569584846497,6.406355381011963
1315,3.563199043273926,4.778515815734863
1316,0.8778481483459473,4.141729831695557
1317,3.7251522541046143,4.847897052764893
1318,5.150484085083008,17.580873489379883
1319,5.238466262817383,4.018404006958008
1320,2.1674158573150635,3.576026439666748
1321,5.534108638763428,4.296178340911865
1322,3.506113052368164,5.923468589782715
1323,1.8110971450805664,3.6130430698394775
1324,3.823162794113159,14.701558113098145
1325,9.245388984680176,5.747786521911621
1326,6.9524922370910645,4.843904972076416
1327,2.7031681537628174,2.9591052532196045
1328,2.1650726795196533,10.765421867370605
1329,4.813704490661621,10.78399658203125
1330,2.1663925647735596,5.936479091644287
1331,5.632413387298584,6.744679927825928
1332,6.679549694061279,5.732137203216553
1333,3.058922290802002,5.16182279586792
1334,4.35294246673584,7.951970100402832
1335,0.3033638596534729,5.684563636779785
1336,2.2637288570404053,21.456926345825195
1337,4.9618682861328125,4.664178848266602
1338,4.891301155090332,12.864218711853027
1339,3.728788137435913,16.08622169494629
1340,3.171877861022949,6.1009087562561035
1341,2.5821516513824463,22.586109161376953
1342,1.900509238243103,14.60706901550293
1343,5.99547004699707,5.767012596130371
1344,3.2035746574401855,4.64792013168335
1345,4.192657470703125,4.399472236633301
1346,4.308330059051514,18.117584228515625
1347,2.349790096282959,8.362602233886719
1348,5.0805487632751465,7.406310081481934
1349,4.520888805389404,13.49345588684082
1350,4.72953987121582,4.542563438415527
1351,6.031393051147461,18.658456802368164
1352,2.45485258102417,8.174610137939453
1353,4.113539218902588,7.875875473022461
1354,5.073057651519775,10.039152145385742
1355,7.948317527770996,5.154904842376709
1356,2.8277084827423096,18.767005920410156
1357,4.00417423248291,4.669623851776123
1358,0.5638557076454163,3.6995930671691895
1359,4.031763553619385,6.582411766052246
1360,1.9669123888015747,3.7082362174987793
1361,1.000556230545044,10.365917205810547
1362,1.9147233963012695,5.4062819480896
1363,2.2857003211975098,10.460798263549805
1364,1.4092843532562256,5.350740909576416
1365,2.6724913120269775,11.922503471374512
1366,1.0720081329345703,11.889192581176758
1367,7.265758037567139,3.66568922996521
1368,5.378514766693115,3.916346788406372
1369,5.648382663726807,8.77731990814209
1370,2.444490432739258,3.7454590797424316
1371,5.603636741638184,2.675764322280884
1372,4.3066887855529785,6.515931129455566
1373,4.792257308959961,5.037529468536377
1374,3.287648916244507,4.828585147857666
1375,6.172105312347412,10.431879997253418
1376,7.977066516876221,5.182018280029297
1377,6.202676296234131,13.301409721374512
1378,3.7830042839050293,8.227066993713379
1379,5.2084431648254395,3.672285318374634
1380,2.83601713180542,4.989148139953613
1381,3.551365613937378,1.150628924369812
1382,2.1945247650146484,24.63661003112793
1383,1.306902527809143,4.18856954574585
1384,3.0178351402282715,6.585446357727051
1385,5.582912445068359,35.46099090576172
1386,4.173366546630859,27.851274490356445
1387,6.838438510894775,4.239983081817627
1388,4.263620376586914,6.295643329620361
1389,5.775588512420654,5.304477214813232
1390,3.8400845527648926,4.064792633056641
1391,3.014976739883423,5.424758434295654
1392,1.3341267108917236,13.104442596435547
1393,3.471708297729492,4.247727394104004
1394,4.0269341468811035,6.193868160247803
1395,0.5744457244873047,5.611042499542236
1396,4.904497146606445,4.2109694480896
1397,3.034207820892334,3.5841009616851807
1398,2.442525625228882,2.858776569366455
1399,8.396159172058105,6.198282718658447
1400,2.908522367477417,22.14348793029785
1401,3.476382255554199,20.300447463989258
1402,3.2026641368865967,20.710365295410156
1403,3.5206191539764404,12.634239196777344
1404,1.2414079904556274,4.041383743286133
1405,2.350903034210205,9.203866004943848
1406,1.0516302585601807,4.978715896606445
1407,5.461137294769287,5.607423782348633
1408,5.665640830993652,5.451521873474121
1409,6.318476676940918,26.157466888427734
1410,4.948744297027588,15.841584205627441
1411,1.4693938493728638,6.503430366516113
1412,2.643237590789795,4.791566848754883
1413,2.8416075706481934,6.17684268951416
1414,1.7858535051345825,3.8519318103790283
1415,3.6043126583099365,11.85958194732666
1416,5.618142127990723,9.912768363952637
1417,2.444490909576416,3.7454590797424316
1418,4.117854595184326,4.635208606719971
1419,3.9747257232666016,5.998800277709961
1420,4.270335674285889,10.066438674926758
1421,5.163050174713135,22.40143585205078
1422,3.113532781600952,20.04811668395996
1423,6.184056758880615,8.16759967803955
1424,2.2769060134887695,1.2291505336761475
1425,5.208460330963135,28.212726593017578
1426,4.303415775299072,6.692992210388184
1427,1.2902841567993164,11.894143104553223
1428,4.254322528839111,4.77475118637085
1429,5.126941680908203,35.25471496582031
1430,2.887850046157837,12.209266662597656
1431,3.101149320602417,5.457919597625732
1432,6.759873390197754,6.909655570983887
1433,2.5760438442230225,8.52878475189209
1434,3.38960599899292,7.487832069396973
1435,1.381866693496704,8.456660270690918
1436,1.9799389839172363,15.087507247924805
1437,1.883145809173584,4.246644973754883
1438,1.3289912939071655,5.091649532318115
1439,5.240805625915527,20.024030685424805
1440,3.4382503032684326,3.119249105453491
1441,1.7723935842514038,3.4104087352752686
1442,5.378618240356445,5.051652908325195
1443,5.1085309982299805,6.416014194488525
1444,3.6386260986328125,3.8767201900482178
1445,1.0934826135635376,5.499037742614746
1446,3.8780784606933594,11.272686958312988
1447,3.6972463130950928,6.1094818115234375
1448,2.8551511764526367,5.195479869842529
1449,1.1597464084625244,4.94156551361084
1450,1.0031154155731201,5.9608964920043945
1451,7.137723445892334,6.049973011016846
1452,2.764618158340454,8.086362838745117
1453,2.8415608406066895,6.781500339508057
1454,2.0993528366088867,4.560795307159424
1455,3.074831485748291,9.657171249389648
1456,4.370530605316162,14.532771110534668
1457,1.6961934566497803,5.638726711273193
1458,0.5992283821105957,4.091402053833008
1459,3.3278515338897705,8.06126594543457
1460,1.363373041152954,3.123194694519043
1461,5.060868263244629,8.384689331054688
1462,2.3562018871307373,6.654245376586914
1463,4.524961471557617,3.5727686882019043
1464,4.000975131988525,6.210793972015381
1465,1.9018901586532593,4.518038272857666
1466,1.7996737957000732,7.169486045837402
1467,3.6608474254608154,5.458515167236328
1468,5.323680877685547,6.290099143981934
1469,3.954827070236206,4.481491565704346
1470,2.2965352535247803,5.825808048248291
1471,6.647893905639648,5.935422420501709
1472,6.2949700355529785,6.271164894104004
1473,3.9876794815063477,3.0683789253234863
1474,4.90197229385376,5.592528343200684
1475,3.2497594356536865,4.053834915161133
1476,5.612605094909668,28.137310028076172
1477,3.048923969268799,2.42665433883667
1478,3.2749173641204834,6.085686206817627
1479,1.6085209846496582,4.428501605987549
1480,1.4227112531661987,3.129596710205078
1481,4.800826549530029,2.957136392593384
1482,5.299899578094482,5.245625972747803
1483,3.9047555923461914,24.87871742248535
1484,3.186548948287964,8.907495498657227
1485,4.13886833190918,3.3943755626678467
1486,3.43896484375,12.979427337646484
1487,1.471629023551941,11.016249656677246
1488,2.269483804702759,4.661461353302002
1489,1.1369497776031494,4.772927761077881
1490,2.5502665042877197,12.906557083129883
1491,3.395366668701172,3.539635181427002
1492,2.5365049839019775,16.605777740478516
1493,3.9047553539276123,6.539366722106934
1494,4.320747375488281,7.912957191467285
1495,5.305258750915527,6.633498668670654
1496,3.6478447914123535,2.9095990657806396
1497,2.8638317584991455,3.05730938911438
1498,3.533953905105591,23.960704803466797
1499,4.0268096923828125,6.983239650726318
1500,2.125746726989746,3.9960837364196777
1501,1.787158489227295,7.864726543426514
1502,3.2381742000579834,15.12173080444336
1503,5.706361293792725,6.007449150085449
1504,3.6544134616851807,16.803897857666016
1505,4.561038017272949,6.316122055053711
1506,4.834148406982422,17.78884506225586
1507,2.308465003967285,8.038908004760742
1508,3.7123470306396484,30.048076629638672
1509,2.310126304626465,6.7240447998046875
1510,3.7621309757232666,12.116071701049805
1511,1.7745579481124878,13.323563575744629
1512,3.2779107093811035,7.029382705688477
1513,2.558229684829712,8.649023056030273
1514,2.722817897796631,4.9785919189453125
1515,2.732374429702759,4.37034273147583
1516,2.2144951820373535,8.015068054199219
1517,2.9391019344329834,19.28640365600586
1518,6.317649841308594,2.435163736343384
1519,0.6290239095687866,7.772725582122803
1520,4.071609973907471,30.10234832763672
1521,3.060319423675537,22.84408950805664
1522,4.147270202636719,4.294886589050293
1523,3.909778118133545,3.613630533218384
1524,6.573005676269531,3.4169342517852783
1525,4.3548054695129395,5.6960577964782715
1526,4.16584587097168,20.20201873779297
1527,1.7258700132369995,8.913450241088867
1528,3.0030112266540527,7.6019606590271
1529,2.6916003227233887,4.282838344573975
1530,0.7414023280143738,8.400537490844727
1531,5.63187837600708,7.621951103210449
1532,1.7925212383270264,5.018316745758057
1533,2.8611671924591064,8.52878475189209
1534,1.4458814859390259,7.5728888511657715
1535,3.735840082168579,9.52834701538086
1536,3.9168646335601807,13.765572547912598
1537,2.5138025283813477,4.843201160430908
1538,5.549294948577881,6.503430366516113
1539,6.733165264129639,6.594348430633545
1540,1.67593514919281,5.681011199951172
1541,1.3029403686523438,4.099032402038574
1542,5.127018451690674,7.715752124786377
1543,2.575368881225586,3.4011292457580566
1544,3.0272881984710693,13.008130073547363
1545,3.50567364692688,11.77786922454834
1546,2.0112903118133545,13.308490753173828
1547,4.338634014129639,4.54132604598999
1548,2.079399347305298,9.238302230834961
1549,4.612582683563232,19.372337341308594
1550,0.8129029273986816,8.48464298248291
1551,1.1482784748077393,12.164710998535156
1552,4.12054967880249,40.50223159790039
1553,2.011012315750122,6.023370265960693
1554,1.9190572500228882,6.337135314941406
1555,4.046055793762207,3.181673526763916
1556,0.767552375793457,11.883541107177734
1557,2.4412848949432373,3.6007490158081055
1558,1.6878609657287598,16.05394172668457
1559,5.107528209686279,8.746228218078613
1560,1.1477657556533813,10.06897258758545
1561,5.282754898071289,7.201498031616211
1562,5.457376956939697,5.800127029418945
1563,3.271319627761841,5.43906831741333
1564,3.633329153060913,2.857142925262451
1565,1.9981343746185303,7.651401996612549
1566,1.6476308107376099,4.258671760559082
1567,4.5841288566589355,4.86180305480957
1568,4.285946846008301,4.322081565856934
1569,5.978982925415039,10.249577522277832
1570,1.8320140838623047,4.696158409118652
1571,2.0071277618408203,3.446730852127075
1572,1.8458192348480225,15.328019142150879
1573,4.790077209472656,2.8331823348999023
1574,1.8999507427215576,8.277461051940918
1575,0.9132460355758667,12.030799865722656
1576,1.5237772464752197,34.62004470825195
1577,3.163010835647583,5.580201625823975
1578,3.051180124282837,4.125668048858643
1579,3.0806634426116943,8.218277931213379
1580,2.0054731369018555,6.937218189239502
1581,3.968048334121704,4.6792378425598145
1582,1.6792033910751343,7.08867883682251
1583,4.342466831207275,5.959298133850098
1584,3.775834321975708,13.303180694580078
1585,6.218320369720459,11.678832054138184
1586,1.154606580734253,6.36598014831543
1587,6.628312110900879,9.912768363952637
1588,6.2587409019470215,6.277660846710205
1589,5.01530122756958,4.641879081726074
1590,5.063817501068115,7.141837120056152
1591,4.440422534942627,7.208246231079102
1592,6.001718997955322,18.040771484375
1593,3.553605318069458,23.66303825378418
1594,4.323179244995117,4.012518882751465
1595,1.5865974426269531,4.8259053230285645
1596,2.22502064704895,8.549201011657715
1597,2.4867641925811768,5.515871524810791
1598,1.20353364944458,7.059903144836426
1599,4.484139442443848,21.850759506225586
1600,1.5598057508468628,3.6252243518829346
1601,4.629942417144775,36.23188400268555
1602,2.3848867416381836,4.879000663757324
1603,4.2655720710754395,36.42323684692383
1604,3.247527837753296,8.580744743347168
1605,1.7028191089630127,17.37317657470703
1606,6.127119064331055,34.91010665893555
1607,4.589940547943115,6.800176620483398
1608,2.397020101547241,1.0880327224731445
1609,1.4539604187011719,4.998500347137451
1610,1.7325383424758911,7.145153999328613
1611,1.873034954071045,8.715356826782227
1612,4.864289283752441,7.4476799964904785
1613,0.4812830090522766,5.269258975982666
1614,4.690725326538086,7.778771877288818
1615,6.513014316558838,9.476877212524414
1616,1.4674125909805298,4.377325534820557
1617,1.5775561332702637,9.844943046569824
1618,4.20522928237915,4.389622688293457
1619,4.861736297607422,7.839755535125732
1620,3.4184443950653076,3.049896240234375
1621,3.6864371299743652,4.043344497680664
1622,2.6640079021453857,7.797270774841309
1623,0.930555522441864,4.367193698883057
1624,5.571089267730713,16.173377990722656
1625,5.371315002441406,6.864124774932861
1626,2.2989516258239746,10.310341835021973
1627,2.434208631515503,3.067202568054199
1628,3.6694576740264893,6.743770599365234
1629,2.781686305999756,4.839685440063477
1630,4.519126892089844,5.692653656005859
1631,2.636415719985962,4.04547119140625
1632,2.770217180252075,3.69535493850708
1633,2.7146244049072266,5.576000690460205
1634,3.7007102966308594,4.001120090484619
1635,5.375821113586426,11.662487983703613
1636,4.800900459289551,8.628128051757812
1637,3.1875052452087402,3.792691707611084
1638,4.214676380157471,11.09446907043457
1639,2.6682281494140625,3.4581735134124756
1640,5.2560553550720215,11.810558319091797
1641,3.157827377319336,7.693491458892822
1642,4.616885662078857,17.28011131286621
1643,1.0300788879394531,26.18829345703125
1644,2.9099009037017822,3.9991204738616943
1645,0.8315269947052002,5.186587333679199
1646,3.7349283695220947,6.2715582847595215
1647,5.181948184967041,7.438261985778809
1648,7.091123580932617,10.497586250305176
1649,1.4792424440383911,6.598700046539307
1650,3.4695022106170654,3.7553045749664307
1651,4.920649528503418,29.248319625854492
1652,1.635168194770813,9.926543235778809
1653,1.1195621490478516,4.43704891204834
1654,2.9847564697265625,5.996102333068848
1655,3.24849271774292,16.256196975708008
1656,4.275272846221924,4.743833065032959
1657,0.18554872274398804,7.865963935852051
1658,4.1237077713012695,6.2593889236450195
1659,2.7294092178344727,12.322100639343262
1660,5.99735689163208,3.7129173278808594
1661,2.858372926712036,11.424001693725586
1662,4.111318111419678,3.9913787841796875
1663,1.6901721954345703,8.054123878479004
1664,6.2534942626953125,7.390436172485352
1665,4.506149768829346,5.058041095733643
1666,2.1537623405456543,4.27798318862915
1667,3.993143320083618,3.762722969055176
1668,4.787814140319824,5.724262237548828
1669,2.9926135540008545,22.652620315551758
1670,6.421959400177002,7.425007343292236
1671,4.529443264007568,4.127115249633789
1672,4.0444769859313965,13.477089881896973
1673,4.484834671020508,12.233912467956543
1674,3.7525031566619873,10.418837547302246
1675,3.502046823501587,21.696680068969727
1676,4.229257106781006,4.367384433746338
1677,1.9751924276351929,9.066183090209961
1678,4.7646379470825195,3.106313705444336
1679,2.6322336196899414,1.8946928977966309
1680,1.8353540897369385,4.8797149658203125
1681,0.7829030752182007,5.461198329925537
1682,5.739105224609375,7.265065670013428
1683,2.7713663578033447,9.386587142944336
1684,4.611540794372559,6.083465099334717
1685,2.1538937091827393,3.845710039138794
1686,5.148270606994629,28.555110931396484
1687,1.8644121885299683,4.658638000488281
1688,5.200658798217773,18.055429458618164
1689,2.743053674697876,9.864851951599121
1690,0.432447224855423,9.95322036743164
1691,5.895749092102051,6.409639835357666
1692,0.7168877720832825,4.016709327697754
1693,2.9340858459472656,12.450974464416504
1694,2.9011569023132324,20.9577693939209
1695,2.401318311691284,4.522328853607178
1696,4.285346984863281,5.927681922912598
1697,3.470294713973999,5.578178405761719
1698,4.3599982261657715,20.610057830810547
1699,2.7381532192230225,37.46019744873047
1700,3.697237968444824,4.844491481781006
1701,1.7137891054153442,17.047391891479492
1702,2.0035762786865234,4.3245110511779785
1703,4.0379109382629395,4.700131416320801
1704,4.6249680519104,4.64554500579834
1705,6.635497570037842,8.62143325805664
1706,1.761305332183838,3.7835793495178223
1707,7.6703691482543945,10.173974990844727
1708,5.483987331390381,6.03609561920166
1709,5.591352939605713,5.931549549102783
1710,4.112259864807129,7.56887674331665
1711,4.61555814743042,3.494792938232422
1712,2.623889923095703,8.256275177001953
1713,1.0237772464752197,10.74691104888916
1714,1.5577651262283325,41.32231521606445
1715,0.5408894419670105,16.474464416503906
1716,2.322829246520996,8.28020191192627
1717,6.224633693695068,6.62251615524292
1718,5.049432754516602,3.591825246810913
1719,3.219595432281494,3.067014455795288
1720,2.8810203075408936,5.928912162780762
1721,1.783096194267273,2.9448142051696777
1722,1.250309944152832,6.0705389976501465
1723,3.3706862926483154,7.885502338409424
1724,3.412236213684082,10.832476615905762
1725,1.634921908378601,16.600265502929688
1726,0.3060685992240906,3.5978987216949463
1727,2.3180508613586426,6.7071332931518555
1728,2.2144765853881836,4.006731033325195
1729,2.6345973014831543,23.79819107055664
1730,2.999349355697632,23.579343795776367
1731,1.9468870162963867,5.09048318862915
1732,0.9849977493286133,7.3372955322265625
1733,0.6770845651626587,8.196721076965332
1734,2.4271388053894043,9.580838203430176
1735,1.5420857667922974,5.57771110534668
1736,6.35263204574585,5.066241264343262
1737,1.855550765991211,5.863039493560791
1738,3.7164506912231445,9.473285675048828
1739,1.4945003986358643,5.0770440101623535
1740,4.6327409744262695,2.506831169128418
1741,4.6576409339904785,29.49417495727539
1742,3.996925115585327,8.437750816345215
1743,1.8418084383010864,3.559225559234619
1744,1.8242193460464478,8.821454048156738
1745,1.5809805393218994,3.967545509338379
1746,2.6427173614501953,7.301135063171387
1747,6.914388656616211,3.34012508392334
1748,4.461879730224609,4.026818752288818
1749,6.349430084228516,5.956812858581543
1750,2.389960527420044,7.037297248840332
1751,3.6210544109344482,9.225092887878418
1752,5.227210998535156,6.3107404708862305
1753,2.365485906600952,11.89909553527832
1754,2.1485633850097656,11.193821907043457
1755,2.4093925952911377,7.972256660461426
1756,2.88167405128479,7.96939754486084
1757,2.8367996215820312,3.466564893722534
1758,2.3764476776123047,3.016773223876953
1759,4.595622539520264,4.356349468231201
1760,6.683594226837158,9.449563026428223
1761,4.692113876342773,30.021015167236328
1762,4.8545732498168945,7.132412910461426
1763,3.4107983112335205,5.346449851989746
1764,2.6211929321289062,4.876145839691162
1765,2.6994142532348633,3.5895044803619385
1766,0.9307451248168945,15.494267463684082
1767,5.113819122314453,5.417851448059082
1768,2.236684560775757,16.446016311645508
1769,2.972231864929199,9.123671531677246
1770,5.493703365325928,11.041793823242188
1771,2.093048572540283,6.364764213562012
1772,6.203660488128662,4.85024881362915
1773,0.43350446224212646,15.915963172912598
1774,2.6524858474731445,4.734399795532227
1775,2.6981441974639893,7.881462574005127
1776,3.954299211502075,28.200790405273438
1777,4.15977668762207,5.8775129318237305
1778,1.7109103202819824,4.221992492675781
1779,6.425294876098633,8.712698936462402
1780,2.9230496883392334,4.126348495483398
1781,3.3217780590057373,8.395953178405762
1782,2.710827350616455,4.244842529296875
1783,4.40591287612915,19.619382858276367
1784,4.890035629272461,21.57497215270996
1785,3.5287609100341797,12.51799488067627
1786,0.2761448323726654,5.684078693389893
1787,2.830449342727661,5.811419486999512
1788,5.106485843658447,7.071135520935059
1789,1.586324691772461,15.419011116027832
1790,2.0606088638305664,15.390534400939941
1791,1.862204670906067,22.22222137451172
1792,5.625700950622559,3.7677559852600098
1793,5.333717346191406,4.3235764503479
1794,4.294171333312988,9.090496063232422
1795,2.675175189971924,7.401924133300781
1796,0.7229647636413574,7.4000067710876465
1797,2.35280442237854,4.706103801727295
1798,3.0194482803344727,2.910233974456787
1799,5.391851902008057,9.826560974121094
1800,1.2702245712280273,4.638864517211914
1801,0.7057323455810547,14.203536987304688
1802,3.766712188720703,3.087038993835449
1803,2.718684196472168,7.823195457458496
1804,4.547448635101318,8.563843727111816
1805,2.618912935256958,5.975142955780029
1806,6.6931257247924805,4.350663185119629
1807,4.360900402069092,20.828994750976562
1808,3.2656075954437256,5.598476886749268
1809,2.2728350162506104,3.3328335285186768
1810,4.593356132507324,4.11514139175415
1811,3.9918718338012695,14.17936897277832
1812,2.65848708152771,9.036688804626465
1813,2.8897690773010254,6.58522891998291
1814,4.202810764312744,8.04699420928955
1815,4.6334309577941895,6.746954917907715
1816,4.752077579498291,37.16090774536133
1817,1.1833308935165405,4.345653057098389
1818,2.6255524158477783,10.593220710754395
1819,4.067877292633057,8.225037574768066
1820,0.8178592324256897,5.748447895050049
1821,2.4806692600250244,23.87204360961914
1822,2.7357895374298096,11.652975082397461
1823,1.353066325187683,2.4999375343322754
1824,4.310807704925537,7.065889358520508
1825,6.476952075958252,8.347245216369629
1826,6.718137741088867,4.166926860809326
1827,2.7561328411102295,3.003408908843994
1828,1.3433414697647095,4.1605987548828125
1829,3.0022759437561035,4.093160152435303
1830,0.6391514539718628,2.8143646717071533
1831,0.995548665523529,11.437721252441406
1832,3.3281471729278564,16.00383949279785
1833,1.970667839050293,19.140588760375977
1834,5.697817325592041,3.805030345916748
1835,0.31867197155952454,4.256405830383301
1836,4.302093982696533,3.719822883605957
1837,2.6327743530273438,8.287406921386719
1838,4.687489986419678,11.606314659118652
1839,1.8504432439804077,2.914092540740967
1840,5.241865634918213,3.574620246887207
1841,3.5957393646240234,6.485294342041016
1842,3.4665894508361816,7.423354148864746
